OBJECTID,ID,Reported Date,Reported Hour,Reported Year,Occurred Date,Occurred Hour,Occurred Year,Time of Day,Weekday,Day of Week,Neighbourhood,Sector,Division,Ward,Councillor,Census Tract,Level of Injury,x,y
1,1,1/3/2018 5:00:00 AM,200,2018,1/3/2018 5:00:00 AM,2200,2018,Evening,Wednesday,3,Elmvale - Eastway - Riverview - Riverview Park West,33,East,Ward 18 - Alta Vista,Marty Carr,5050008.00,,373561.425200006,5027959.15289946
2,2,1/5/2018 5:00:00 AM,1900,2018,1/5/2018 5:00:00 AM,1900,2018,Evening,Friday,5,Overbrook - McArthur,25,Central,Ward 13 - Rideau-Rockcliffe,Rawlson King,5050012.00,,371531.719700004,5032158.69989946
3,3,1/5/2018 5:00:00 AM,100,2018,1/4/2018 5:00:00 AM,2300,2018,Evening,Thursday,4,West Centertown,22,Central,Ward 14 - Somerset,Ariel Troster,5050042.00,MAJOR,366597.701900001,5029935.56409946
4,4,1/9/2018 5:00:00 AM,200,2018,1/9/2018 5:00:00 AM,2000,2018,Evening,Tuesday,2,Hunt Club East - Western Community,35,East,Ward 16 - River,Riley Brockington,5050002.05,FATAL,369457.721100002,5023575.51099946
5,5,1/10/2018 5:00:00 AM,1900,2018,1/10/2018 5:00:00 AM,1900,2018,Evening,Wednesday,3,Rockcliffe - Manor Park,25,Central,Ward 13 - Rideau-Rockcliffe,Rawlson King,5050059.00,,371100.709000003,5034891.60409946
6,6,1/13/2018 5:00:00 AM,200,2018,1/13/2018 5:00:00 AM,2100,2018,Evening,Saturday,6,Bells Corners West,15,West,Ward 8 - College,Laine Johnson,5050136.02,NONE,356507.461600001,5019779.75589946
7,7,1/16/2018 5:00:00 AM,1600,2018,1/16/2018 5:00:00 AM,1600,2018,Afternoon,Tuesday,2,Ledbury - Heron Gate - Ridgemont - Elmwood,34,East,Ward 16 - River,Riley Brockington,5050001.10,MAJOR,371033.726000004,5026354.53099946
8,8,1/18/2018 5:00:00 AM,600,2018,1/18/2018 5:00:00 AM,500,2018,Night,Thursday,4,Centretown,23,Central,Ward 14 - Somerset,Ariel Troster,5050037.02,FATAL,368556.709000002,5030905.57099946
9,9,1/18/2018 5:00:00 AM,200,2018,1/18/2018 5:00:00 AM,2300,2018,Evening,Thursday,4,Hintonburg - Mechanicsville,21,Central,Ward 15 - Kitchissippi,Jeff Leiper,5050046.00,,365012.695900002,5030192.56709946
10,10,1/19/2018 5:00:00 AM,200,2018,1/19/2018 5:00:00 AM,2000,2018,Evening,Friday,5,Riverside South - Leitrim,35,East,Ward 22 - Riverside South-Findlay Creek,Steve Desroches,5050126.07,NONE,374399.520900005,5019429.16039946
11,11,1/21/2018 5:00:00 AM,300,2018,1/21/2018 5:00:00 AM,300,2018,Night,Sunday,7,Bells Corners West,15,West,Ward 8 - College,Laine Johnson,5050136.02,MINOR,357311.651000001,5019333.46789946
12,12,1/24/2018 5:00:00 AM,200,2018,1/24/2018 5:00:00 AM,2300,2018,Evening,Wednesday,3,Hawthorne Meadows - Sheffield Glen,33,East,Ward 18 - Alta Vista,Marty Carr,5050010.00,MAJOR,373800.548700003,5029100.07909946
13,13,1/30/2018 5:00:00 AM,1600,2018,1/30/2018 5:00:00 AM,1600,2018,Afternoon,Tuesday,2,Ledbury - Heron Gate - Ridgemont - Elmwood,34,East,Ward 10 - Gloucester-Southgate,Jessica Bradley,5050001.09,,371874.729000006,5026501.53209946
14,14,2/1/2018 5:00:00 AM,1800,2018,2/1/2018 5:00:00 AM,1800,2018,Evening,Thursday,4,Overbrook - McArthur,25,Central,Ward 13 - Rideau-Rockcliffe,Rawlson King,5050012.00,,371325.717000004,5032137.57809946
15,15,2/4/2018 5:00:00 AM,100,2018,2/4/2018 5:00:00 AM,100,2018,Night,Sunday,7,Merivale Gardens - Grenfell Glen - Pineglen - Country Place,17,West,Ward 9 - Knoxdale-Merivale,Sean Devine,5050130.01,FATAL,367007.709000002,5021297.49099946
16,16,2/11/2018 5:00:00 AM,1000,2018,2/5/2018 5:00:00 AM,1300,2018,Afternoon,Monday,1,Cityview - Skyline - Fisher Heights,17,West,Ward 9 - Knoxdale-Merivale,Sean Devine,5050132.00,FATAL,365289.700000003,5025022.52189946
17,17,2/17/2018 5:00:00 AM,1200,2018,2/17/2018 5:00:00 AM,1200,2018,Afternoon,Saturday,6,Vanier South,25,Central,Ward 12 - Rideau-Vanier,Stéphanie Plante,5050102.00,MAJOR,370514.991200004,5033312.57299946
18,18,3/2/2018 5:00:00 AM,200,2018,3/2/2018 5:00:00 AM,2200,2018,Evening,Friday,5,Emerald Woods - Sawmill Creek,35,East,Ward 10 - Gloucester-Southgate,Jessica Bradley,5050123.01,,371646.732100004,5023351.50899946
19,19,3/3/2018 5:00:00 AM,200,2018,3/3/2018 5:00:00 AM,100,2018,Night,Saturday,6,Overbrook - McArthur,25,Central,Ward 13 - Rideau-Rockcliffe,Rawlson King,5050013.00,MAJOR,370994.820300003,5031848.36109946
20,20,3/3/2018 5:00:00 AM,1900,2018,3/3/2018 5:00:00 AM,200,2018,Night,Saturday,6,Braemar Park - Bel Air Heights - Copeland Park,17,West,Ward 8 - College,Laine Johnson,5050024.00,,362458.600800002,5024005.90749946
21,21,3/6/2018 5:00:00 AM,600,2018,3/6/2018 5:00:00 AM,300,2018,Night,Tuesday,2,Bridlewood - Emerald Meadows,13,West,Ward 23 - Kanata South,Allan Hubley,5050161.05,,355949.749000001,5015816.02409946
22,22,3/12/2018 5:00:00 AM,1100,2018,3/9/2018 5:00:00 AM,1200,2018,Afternoon,Friday,5,Richmond,12,West,Ward 21 - Rideau-Jock,David Brown,5050141.14,NONE,361949.6581,5008824.37289946
23,23,3/12/2018 5:00:00 AM,200,2018,3/12/2018 5:00:00 AM,2000,2018,Evening,Monday,1,Carlingwood West - Glabar Park - McKellar Heights,14,West,Ward 7 - Bay,Theresa Kavanagh,5050031.00,MINOR,361217.822700003,5025952.93129946
24,24,3/22/2018 5:00:00 AM,100,2018,3/22/2018 5:00:00 AM,100,2018,Night,Thursday,4,Hunt Club Park,33,East,Ward 10 - Gloucester-Southgate,Jessica Bradley,5050001.08,MAJOR,374469.741100005,5026538.52899946
25,25,3/24/2018 5:00:00 AM,1700,2018,3/24/2018 5:00:00 AM,1500,2018,Afternoon,Saturday,6,West Centertown,22,Central,Ward 14 - Somerset,Ariel Troster,5050041.00,MAJOR,366650.701900002,5030124.56599946
26,26,3/30/2018 5:00:00 AM,200,2018,3/30/2018 5:00:00 AM,2100,2018,Evening,Friday,5,Katimavik - Hazeldean,13,West,Ward 4 - Kanata North,Cathy Curry,5050160.06,MAJOR,352851.394000001,5020452.58109946
27,27,3/31/2018 5:00:00 AM,200,2018,3/31/2018 5:00:00 AM,2000,2018,Evening,Saturday,6,Carleton Heights - Rideauview,17,West,Ward 16 - River,Riley Brockington,5050020.01,,367041.707900002,5025860.52899946
28,28,4/10/2018 5:00:00 AM,0,2018,4/10/2018 5:00:00 AM,0,2018,Night,Tuesday,2,Vanier North,25,Central,Ward 12 - Rideau-Vanier,Stéphanie Plante,5050102.00,NONE,370155.709000002,5033390.59099946
29,29,4/15/2018 5:00:00 AM,100,2018,4/15/2018 5:00:00 AM,100,2018,Night,Sunday,7,South Keys - Heron Gate - Greenboro West,35,East,Ward 10 - Gloucester-Southgate,Jessica Bradley,5050001.04,MAJOR,371608.731000004,5024096.51399946
30,30,4/16/2018 5:00:00 AM,1200,2018,4/15/2018 5:00:00 AM,2300,2018,Evening,Sunday,7,Greenboro East,35,East,Ward 10 - Gloucester-Southgate,Jessica Bradley,5050001.06,,371759.721100003,5024591.73329946
31,31,4/17/2018 5:00:00 AM,200,2018,4/17/2018 5:00:00 AM,2200,2018,Evening,Tuesday,2,Ledbury - Heron Gate - Ridgemont - Elmwood,34,East,Ward 10 - Gloucester-Southgate,Jessica Bradley,5050001.09,,371194.726000001,5026455.53209946
32,32,4/19/2018 5:00:00 AM,100,2018,4/19/2018 5:00:00 AM,0,2018,Night,Thursday,4,Ledbury - Heron Gate - Ridgemont - Elmwood,34,East,Ward 16 - River,Riley Brockington,5050001.10,,370828.031800002,5025379.67699946
33,33,4/20/2018 5:00:00 AM,,2018,4/19/2018 5:00:00 AM,2200,2018,Evening,Thursday,4,Ledbury - Heron Gate - Ridgemont - Elmwood,34,East,Ward 18 - Alta Vista,Marty Carr,5050007.02,,371194.726000001,5026455.53209946
34,34,4/23/2018 5:00:00 AM,200,2018,4/23/2018 5:00:00 AM,2000,2018,Evening,Monday,1,Crestview - Meadowlands,17,West,Ward 8 - College,Laine Johnson,5050133.00,,364106.143000003,5024351.79099946
35,35,5/5/2018 5:00:00 AM,300,2018,5/5/2018 5:00:00 AM,300,2018,Night,Saturday,6,Hawthorne Meadows - Sheffield Glen,33,East,Ward 18 - Alta Vista,Marty Carr,5050010.00,NONE,373800.548700003,5029100.07909946
36,36,5/5/2018 5:00:00 AM,1700,2018,5/5/2018 5:00:00 AM,1700,2018,Afternoon,Saturday,6,Hawthorne Meadows - Sheffield Glen,33,East,Ward 18 - Alta Vista,Marty Carr,5050010.00,NONE,373685.948600004,5028888.48309946
37,37,5/8/2018 5:00:00 AM,200,2018,5/8/2018 5:00:00 AM,2300,2018,Evening,Tuesday,2,Ledbury - Heron Gate - Ridgemont - Elmwood,34,East,Ward 18 - Alta Vista,Marty Carr,5050005.00,NONE,370428.055200004,5026497.03499946
38,38,5/22/2018 5:00:00 AM,100,2018,5/21/2018 5:00:00 AM,2300,2018,Evening,Monday,1,Ledbury - Heron Gate - Ridgemont - Elmwood,34,East,Ward 10 - Gloucester-Southgate,Jessica Bradley,5050001.09,MINOR,371101.135100002,5026191.49509946
39,39,5/25/2018 5:00:00 AM,200,2018,5/25/2018 5:00:00 AM,2200,2018,Evening,Friday,5,Whitehaven - Queensway Terrace North,14,West,Ward 7 - Bay,Theresa Kavanagh,5050029.00,MAJOR,359528.370300001,5024413.96429946
40,40,5/27/2018 5:00:00 AM,1900,2018,5/27/2018 5:00:00 AM,1900,2018,Evening,Sunday,7,Greenboro East,35,East,Ward 10 - Gloucester-Southgate,Jessica Bradley,5050001.06,MAJOR,372073.732100003,5024695.51809946
41,41,5/27/2018 5:00:00 AM,900,2018,5/27/2018 5:00:00 AM,900,2018,Morning,Sunday,7,Hunt Club South Industrial,17,West,Ward 9 - Knoxdale-Merivale,Sean Devine,5050130.01,,366064.704100002,5022022.49699946
42,42,5/28/2018 5:00:00 AM,900,2018,5/24/2018 5:00:00 AM,1500,2018,Afternoon,Thursday,4,Ledbury - Heron Gate - Ridgemont - Elmwood,34,East,Ward 10 - Gloucester-Southgate,Jessica Bradley,5050001.09,NONE,371809.729000005,5026692.53289946
43,43,6/1/2018 5:00:00 AM,200,2018,5/31/2018 5:00:00 AM,200,2018,Night,Thursday,4,Orléans Village - Chateauneuf,31,East,Ward 2 - Orléans West-Innes,Laura Dudas,5050125.05,NONE,381315.744100008,5037215.58409946
44,44,6/9/2018 5:00:00 AM,200,2018,6/9/2018 5:00:00 AM,2000,2018,Evening,Saturday,6,South Keys - Heron Gate - Greenboro West,35,East,Ward 10 - Gloucester-Southgate,Jessica Bradley,5050001.04,,371608.731000004,5024096.51399946
45,45,6/18/2018 5:00:00 AM,1300,2018,6/15/2018 5:00:00 AM,1700,2018,Afternoon,Friday,5,Ledbury - Heron Gate - Ridgemont - Elmwood,34,East,Ward 10 - Gloucester-Southgate,Jessica Bradley,5050001.09,,371436.552100003,5026494.75289946
46,46,6/20/2018 5:00:00 AM,200,2018,6/20/2018 5:00:00 AM,2300,2018,Evening,Wednesday,3,Ledbury - Heron Gate - Ridgemont - Elmwood,34,East,Ward 16 - River,Riley Brockington,5050001.10,NONE,370828.031800002,5025379.67699946
47,47,6/21/2018 5:00:00 AM,200,2018,6/21/2018 5:00:00 AM,2200,2018,Evening,Thursday,4,Hunt Club Park,33,East,Ward 10 - Gloucester-Southgate,Jessica Bradley,5050001.08,MINOR,375271.744900006,5026437.52709946
48,48,6/27/2018 5:00:00 AM,200,2018,6/27/2018 5:00:00 AM,2300,2018,Evening,Wednesday,3,Ledbury - Heron Gate - Ridgemont - Elmwood,34,East,Ward 10 - Gloucester-Southgate,Jessica Bradley,5050001.09,MINOR,371101.135100002,5026191.49509946
49,49,7/2/2018 5:00:00 AM,200,2018,7/2/2018 5:00:00 AM,100,2018,Night,Monday,1,Hunt Club Park,33,East,Ward 10 - Gloucester-Southgate,Jessica Bradley,5050001.07,MAJOR,375084.499900005,5026264.87499946
50,50,7/3/2018 5:00:00 AM,200,2018,7/3/2018 5:00:00 AM,2200,2018,Evening,Tuesday,2,Hunt Club Upper -Blossom Park - Timbermill,35,East,Ward 10 - Gloucester-Southgate,Jessica Bradley,5050123.04,,372195.573100005,5024135.32799946
51,51,7/5/2018 5:00:00 AM,200,2018,7/5/2018 5:00:00 AM,700,2018,Morning,Thursday,4,Hunt Club East - Western Community,35,East,Ward 16 - River,Riley Brockington,5050002.05,,370029.696500003,5023278.55909946
52,52,7/5/2018 5:00:00 AM,200,2018,7/5/2018 5:00:00 AM,2300,2018,Evening,Thursday,4,Greenboro East,35,East,Ward 10 - Gloucester-Southgate,Jessica Bradley,5050001.06,NONE,372747.534000005,5025381.34299946
53,53,7/7/2018 5:00:00 AM,200,2018,7/7/2018 5:00:00 AM,2300,2018,Evening,Saturday,6,Greenboro East,35,East,Ward 10 - Gloucester-Southgate,Jessica Bradley,5050001.06,,373300.747700004,5025082.85509946
54,54,7/11/2018 5:00:00 AM,0,2018,7/11/2018 5:00:00 AM,0,2018,Night,Wednesday,3,Vanier North,25,Central,Ward 12 - Rideau-Vanier,Stéphanie Plante,5050104.00,,369301.647800004,5033687.53619946
55,55,8/4/2018 5:00:00 AM,900,2018,8/4/2018 5:00:00 AM,900,2018,Morning,Saturday,6,Ledbury - Heron Gate - Ridgemont - Elmwood,34,East,Ward 10 - Gloucester-Southgate,Jessica Bradley,5050001.09,,371501.727900005,5026253.53009946
56,56,8/19/2018 5:00:00 AM,400,2018,8/19/2018 5:00:00 AM,400,2018,Night,Sunday,7,Carlington,21,Central,Ward 16 - River,Riley Brockington,5050022.00,,364916.1569,5027526.15609946
57,57,8/22/2018 5:00:00 AM,400,2018,8/22/2018 5:00:00 AM,400,2018,Night,Wednesday,3,Hunt Club Park,33,East,Ward 10 - Gloucester-Southgate,Jessica Bradley,5050001.06,,373563.007000003,5025875.16209946
58,58,8/26/2018 5:00:00 AM,0,2018,8/26/2018 5:00:00 AM,0,2018,Night,Sunday,7,Hunt Club Woods - Quintarra - Revelstoke,35,East,Ward 16 - River,Riley Brockington,5050002.06,NONE,368281.715100002,5022891.50489946
59,59,9/1/2018 5:00:00 AM,100,2018,9/1/2018 5:00:00 AM,100,2018,Night,Saturday,6,South Keys - Heron Gate - Greenboro West,35,East,Ward 10 - Gloucester-Southgate,Jessica Bradley,5050001.04,MINOR,371608.731000004,5024096.51399946
60,60,9/21/2018 5:00:00 AM,1200,2018,9/21/2018 5:00:00 AM,1100,2018,Morning,Friday,5,Lowertown,24,Central,Ward 12 - Rideau-Vanier,Stéphanie Plante,5050053.00,MINOR,368511.706000002,5032413.58489946
61,61,9/22/2018 5:00:00 AM,1900,2018,9/22/2018 5:00:00 AM,1900,2018,Evening,Saturday,6,South Keys - Heron Gate - Greenboro West,35,East,Ward 10 - Gloucester-Southgate,Jessica Bradley,5050001.04,NONE,371199.498400002,5024142.70239946
62,62,9/25/2018 5:00:00 AM,200,2018,9/25/2018 5:00:00 AM,2100,2018,Evening,Tuesday,2,Hunt Club Park,33,East,Ward 10 - Gloucester-Southgate,Jessica Bradley,5050001.07,MINOR,375045.401100003,5026242.21399946
63,63,10/6/2018 5:00:00 AM,1700,2018,10/6/2018 5:00:00 AM,1700,2018,Afternoon,Saturday,6,Carlington,21,Central,Ward 16 - River,Riley Brockington,5050022.00,MINOR,364844.6981,5026809.53699946
64,64,10/16/2018 5:00:00 AM,100,2018,10/16/2018 5:00:00 AM,0,2018,Night,Tuesday,2,Bayshore,14,West,Ward 7 - Bay,Theresa Kavanagh,5050138.00,MAJOR,359591.847900002,5023346.69399946
65,65,10/16/2018 5:00:00 AM,1800,2018,10/16/2018 5:00:00 AM,1800,2018,Evening,Tuesday,2,Emerald Woods - Sawmill Creek,35,East,Ward 10 - Gloucester-Southgate,Jessica Bradley,5050123.01,,371636.104300002,5023302.60429946
66,66,10/20/2018 5:00:00 AM,900,2018,10/20/2018 5:00:00 AM,100,2018,Night,Saturday,6,Barrhaven,16,West,Ward 3 - Barrhaven West,David Hill,5050140.05,,363746.684899999,5015016.43399946
67,67,10/26/2018 5:00:00 AM,100,2018,10/26/2018 5:00:00 AM,100,2018,Night,Friday,5,Overbrook - McArthur,25,Central,Ward 12 - Rideau-Vanier,Stéphanie Plante,5050101.00,NONE,369717.200000004,5032956.36789946
68,68,10/29/2018 5:00:00 AM,200,2018,10/29/2018 5:00:00 AM,2300,2018,Evening,Monday,1,Britannia Village,14,West,Ward 7 - Bay,Theresa Kavanagh,5050029.00,MAJOR,359555.489000001,5024438.92409946
69,69,10/29/2018 5:00:00 AM,300,2018,10/29/2018 5:00:00 AM,300,2018,Night,Monday,1,Hintonburg - Mechanicsville,21,Central,Ward 15 - Kitchissippi,Jeff Leiper,5050046.00,NONE,365138.452100002,5029890.54109946
70,70,10/29/2018 5:00:00 AM,900,2018,10/29/2018 5:00:00 AM,900,2018,Morning,Monday,1,Centretown,23,Central,Ward 14 - Somerset,Ariel Troster,5050040.00,MINOR,367200.704100003,5030422.56789946
71,71,11/8/2018 5:00:00 AM,1800,2018,11/8/2018 5:00:00 AM,1800,2018,Evening,Thursday,4,Overbrook - McArthur,25,Central,Ward 13 - Rideau-Rockcliffe,Rawlson King,5050013.00,,371129.715900003,5032044.57699946
72,72,11/13/2018 5:00:00 AM,1900,2018,11/13/2018 5:00:00 AM,1900,2018,Evening,Tuesday,2,Greenboro East,35,East,Ward 10 - Gloucester-Southgate,Jessica Bradley,5050001.05,,372976.206000005,5025902.63889946
73,73,11/21/2018 5:00:00 AM,200,2018,11/21/2018 5:00:00 AM,2200,2018,Evening,Wednesday,3,Billings Bridge - Alta Vista,34,East,Ward 17 - Capital,Shawn Menard,5050004.00,NONE,369015.965000001,5027429.15499946
74,74,11/23/2018 5:00:00 AM,1800,2018,11/23/2018 5:00:00 AM,1800,2018,Evening,Friday,5,South Keys - Heron Gate - Greenboro West,35,East,Ward 10 - Gloucester-Southgate,Jessica Bradley,5050001.04,FATAL,370852.239900004,5024838.49869946
75,75,11/27/2018 5:00:00 AM,1500,2018,11/10/2018 5:00:00 AM,400,2018,Night,Saturday,6,Carson Grove - Carson Meadows,32,East,Ward 13 - Rideau-Rockcliffe,Rawlson King,5050062.01,NONE,373256.718900004,5034045.58989946
76,76,11/29/2018 5:00:00 AM,200,2018,11/29/2018 5:00:00 AM,2200,2018,Evening,Thursday,4,Hunt Club Park,33,East,Ward 10 - Gloucester-Southgate,Jessica Bradley,5050001.07,MAJOR,374173.741100003,5025882.52489946
77,77,12/23/2018 5:00:00 AM,200,2018,12/23/2018 5:00:00 AM,2200,2018,Evening,Sunday,7,Byward Market,24,Central,Ward 12 - Rideau-Vanier,Stéphanie Plante,5050054.00,MINOR,368047.972100003,5032233.51999946
78,78,1/5/2019 5:00:00 AM,400,2019,1/5/2019 5:00:00 AM,400,2019,Night,Saturday,6,Whitehaven - Queensway Terrace North,14,West,Ward 7 - Bay,Theresa Kavanagh,5050028.00,MINOR,360220.707700002,5023371.53939946
79,79,1/12/2019 5:00:00 AM,700,2019,1/12/2019 5:00:00 AM,700,2019,Morning,Saturday,6,Overbrook - McArthur,25,Central,Ward 13 - Rideau-Rockcliffe,Rawlson King,5050013.00,NONE,370735.715100003,5031998.57809946
80,80,1/14/2019 5:00:00 AM,200,2019,1/14/2019 5:00:00 AM,2000,2019,Evening,Monday,1,Britannia Village,14,West,Ward 7 - Bay,Theresa Kavanagh,5050029.00,MAJOR,359555.489000001,5024438.92409946
81,81,1/15/2019 5:00:00 AM,200,2019,1/3/2019 5:00:00 AM,2300,2019,Evening,Thursday,4,Riverside Park,34,East,Ward 16 - River,Riley Brockington,5050003.00,NONE,368601.715100003,5025810.52789946
82,82,1/16/2019 5:00:00 AM,200,2019,1/12/2019 5:00:00 AM,2300,2019,Evening,Saturday,6,Vanier North,25,Central,Ward 12 - Rideau-Vanier,Stéphanie Plante,5050101.00,NONE,370163.709000003,5033320.26109946
83,83,1/16/2019 5:00:00 AM,1800,2019,1/16/2019 5:00:00 AM,1700,2019,Afternoon,Wednesday,3,Vanier North,25,Central,Ward 12 - Rideau-Vanier,Stéphanie Plante,5050101.00,MAJOR,370098.710100003,5033170.58899946
84,84,1/21/2019 5:00:00 AM,200,2019,1/21/2019 5:00:00 AM,2000,2019,Evening,Monday,1,Pineview,32,East,Ward 11 - Beacon Hill-Cyrville,Tim Tierney,5050122.02,NONE,375078.734000006,5031346.56189946
85,85,1/22/2019 5:00:00 AM,200,2019,1/22/2019 5:00:00 AM,2000,2019,Evening,Tuesday,2,Vanier North,25,Central,Ward 12 - Rideau-Vanier,Stéphanie Plante,5050103.00,MAJOR,370410.709000003,5033839.59509946
86,86,1/24/2019 5:00:00 AM,200,2019,1/24/2019 5:00:00 AM,2300,2019,Evening,Thursday,4,Cityview - Skyline - Fisher Heights,17,West,Ward 9 - Knoxdale-Merivale,Sean Devine,5050132.00,MINOR,365267.700000003,5024908.52109946
87,87,1/31/2019 5:00:00 AM,200,2019,1/31/2019 5:00:00 AM,2000,2019,Evening,Thursday,4,Cummings,32,East,Ward 11 - Beacon Hill-Cyrville,Tim Tierney,5050122.03,MAJOR,373014.728500004,5032119.54829946
88,88,2/1/2019 5:00:00 AM,1700,2019,2/1/2019 5:00:00 AM,1700,2019,Afternoon,Friday,5,Lowertown,24,Central,Ward 12 - Rideau-Vanier,Stéphanie Plante,5050053.00,NONE,368374.511000002,5032329.97399946
89,89,2/2/2019 5:00:00 AM,100,2019,2/2/2019 5:00:00 AM,100,2019,Night,Saturday,6,Civic Hospital-Central Park,21,Central,Ward 15 - Kitchissippi,Jeff Leiper,5050034.00,MINOR,365657.700000002,5028517.55209946
90,90,2/6/2019 5:00:00 AM,200,2019,2/6/2019 5:00:00 AM,200,2019,Night,Wednesday,3,Kanata Lakes - Marchwood Lakeside - Morgan's Grant - Kanata North Business Park,13,West,Ward 4 - Kanata North,Cathy Curry,5050160.11,,350175.6181,5023443.01099946
91,91,2/12/2019 5:00:00 AM,900,2019,12/30/2018 5:00:00 AM,100,2018,Night,Sunday,7,Greenbelt - Shirleys Bay,14,West,Ward 7 - Bay,Theresa Kavanagh,5050141.14,,356001.651000001,5023937.50899946
92,92,2/20/2019 5:00:00 AM,200,2019,2/20/2019 5:00:00 AM,200,2019,Night,Wednesday,3,Elmvale - Eastway - Riverview - Riverview Park West,33,East,Ward 18 - Alta Vista,Marty Carr,5050011.04,MINOR,371326.435100005,5029883.36039946
93,93,3/16/2019 5:00:00 AM,1200,2019,3/16/2019 5:00:00 AM,1200,2019,Afternoon,Saturday,6,Orléans Village - Chateauneuf,31,East,Ward 2 - Orléans West-Innes,Laura Dudas,5050125.09,,380775.747900008,5035166.57009946
94,94,3/29/2019 5:00:00 AM,,2019,3/29/2019 5:00:00 AM,,2019,,Friday,5,Orléans Village - Chateauneuf,31,East,Ward 2 - Orléans West-Innes,Laura Dudas,5050125.08,,381556.751000009,5035446.56899946
95,95,4/1/2019 5:00:00 AM,200,2019,4/1/2019 5:00:00 AM,2200,2019,Evening,Monday,1,Civic Hospital-Central Park,21,Central,Ward 16 - River,Riley Brockington,5050020.01,NONE,366324.008300002,5025654.05229946
96,96,4/13/2019 5:00:00 AM,200,2019,4/13/2019 5:00:00 AM,2200,2019,Evening,Saturday,6,Ledbury - Heron Gate - Ridgemont - Elmwood,34,East,Ward 10 - Gloucester-Southgate,Jessica Bradley,5050001.09,MINOR,371501.727900005,5026253.53009946
97,97,4/18/2019 5:00:00 AM,200,2019,4/18/2019 5:00:00 AM,200,2019,Night,Thursday,4,Byward Market,24,Central,Ward 12 - Rideau-Vanier,Stéphanie Plante,5050054.00,FATAL,367866.786200002,5032275.26129946
98,98,4/25/2019 5:00:00 AM,100,2019,4/25/2019 5:00:00 AM,100,2019,Night,Thursday,4,Ledbury - Heron Gate - Ridgemont - Elmwood,34,East,Ward 18 - Alta Vista,Marty Carr,5050005.00,MINOR,370428.055200004,5026497.03499946
99,99,4/29/2019 5:00:00 AM,1400,2019,4/26/2019 5:00:00 AM,1700,2019,Afternoon,Friday,5,Hintonburg - Mechanicsville,21,Central,Ward 15 - Kitchissippi,Jeff Leiper,5050043.00,,366197.244600001,5029566.34079946
100,100,5/3/2019 5:00:00 AM,100,2019,5/3/2019 5:00:00 AM,100,2019,Night,Friday,5,Civic Hospital-Central Park,21,Central,Ward 15 - Kitchissippi,Jeff Leiper,5050034.00,MINOR,365657.700000002,5028517.55209946
101,101,5/15/2019 5:00:00 AM,200,2019,5/15/2019 5:00:00 AM,2100,2019,Evening,Wednesday,3,Overbrook - McArthur,25,Central,Ward 13 - Rideau-Rockcliffe,Rawlson King,5050012.00,MAJOR,371200.957000004,5032202.81999946
102,102,5/23/2019 5:00:00 AM,500,2019,5/23/2019 5:00:00 AM,500,2019,Night,Thursday,4,Centretown,23,Central,Ward 14 - Somerset,Ariel Troster,5050040.00,,367617.249600002,5030672.87149946
103,103,5/24/2019 5:00:00 AM,0,2019,5/23/2019 5:00:00 AM,2300,2019,Evening,Thursday,4,Hunt Club Park,33,East,Ward 10 - Gloucester-Southgate,Jessica Bradley,5050001.08,,375271.744900006,5026437.52709946
104,104,5/27/2019 5:00:00 AM,200,2019,5/27/2019 5:00:00 AM,2200,2019,Evening,Monday,1,Ledbury - Heron Gate - Ridgemont - Elmwood,34,East,Ward 10 - Gloucester-Southgate,Jessica Bradley,5050001.09,FATAL,371501.727900005,5026253.53009946
105,105,5/30/2019 5:00:00 AM,200,2019,5/30/2019 5:00:00 AM,2300,2019,Evening,Thursday,4,Lowertown,24,Central,Ward 12 - Rideau-Vanier,Stéphanie Plante,5050056.00,MAJOR,368601.704900002,5032846.58899946
106,106,5/30/2019 5:00:00 AM,300,2019,5/30/2019 5:00:00 AM,200,2019,Night,Thursday,4,Centretown,23,Central,Ward 14 - Somerset,Ariel Troster,5050040.00,,367322.709600003,5030793.18769946
107,107,6/2/2019 5:00:00 AM,700,2019,6/2/2019 5:00:00 AM,700,2019,Morning,Sunday,7,Centretown,23,Central,Ward 14 - Somerset,Ariel Troster,5050039.00,,367354.706000003,5029855.56299946
108,108,6/7/2019 5:00:00 AM,200,2019,6/7/2019 5:00:00 AM,2100,2019,Evening,Friday,5,Byward Market,24,Central,Ward 12 - Rideau-Vanier,Stéphanie Plante,5050054.00,FATAL,367930.704100003,5032342.58489946
109,109,6/10/2019 5:00:00 AM,1800,2019,6/10/2019 5:00:00 AM,1800,2019,Evening,Monday,1,Emerald Woods - Sawmill Creek,35,East,Ward 10 - Gloucester-Southgate,Jessica Bradley,5050123.01,,371453.729900004,5023632.51099946
110,110,6/15/2019 5:00:00 AM,1800,2019,6/15/2019 5:00:00 AM,1800,2019,Evening,Saturday,6,Greenboro East,35,East,Ward 10 - Gloucester-Southgate,Jessica Bradley,5050001.05,MAJOR,372370.732900005,5025399.52299946
111,111,6/19/2019 5:00:00 AM,200,2019,6/19/2019 5:00:00 AM,2000,2019,Evening,Wednesday,3,Ledbury - Heron Gate - Ridgemont - Elmwood,34,East,Ward 18 - Alta Vista,Marty Carr,5050007.02,,371146.070100004,5026979.40929946
112,112,6/22/2019 5:00:00 AM,,2019,6/22/2019 5:00:00 AM,,2019,,Saturday,6,Centretown,23,Central,Ward 14 - Somerset,Ariel Troster,5050038.00,,367524.7793,5031199.22719946
113,113,6/22/2019 5:00:00 AM,1600,2019,6/22/2019 5:00:00 AM,1600,2019,Afternoon,Saturday,6,Britannia Village,14,West,Ward 7 - Bay,Theresa Kavanagh,5050029.00,MAJOR,359555.489000001,5024438.92409946
114,114,7/1/2019 5:00:00 AM,300,2019,7/1/2019 5:00:00 AM,300,2019,Night,Monday,1,Byward Market,24,Central,Ward 12 - Rideau-Vanier,Stéphanie Plante,5050054.00,NONE,368157.704100003,5032315.58489946
115,115,7/2/2019 5:00:00 AM,200,2019,7/2/2019 5:00:00 AM,2100,2019,Evening,Tuesday,2,Overbrook - McArthur,25,Central,Ward 13 - Rideau-Rockcliffe,Rawlson King,5050013.00,MAJOR,371129.715900003,5032044.57699946
116,116,7/6/2019 5:00:00 AM,600,2019,7/6/2019 5:00:00 AM,400,2019,Night,Saturday,6,Lowertown,24,Central,Ward 12 - Rideau-Vanier,Stéphanie Plante,5050056.00,,368516.704100003,5032987.59099946
117,117,7/10/2019 5:00:00 AM,600,2019,7/10/2019 5:00:00 AM,500,2019,Night,Wednesday,3,Whitehaven - Queensway Terrace North,14,West,Ward 7 - Bay,Theresa Kavanagh,5050028.00,NONE,360220.707700002,5023371.53939946
118,118,7/13/2019 5:00:00 AM,200,2019,7/13/2019 5:00:00 AM,2000,2019,Evening,Saturday,6,Hunt Club Park,33,East,Ward 10 - Gloucester-Southgate,Jessica Bradley,5050001.07,MINOR,373961.142800005,5025806.58159946
119,119,7/19/2019 5:00:00 AM,1900,2019,7/19/2019 5:00:00 AM,1800,2019,Evening,Friday,5,Centretown,23,Central,Ward 14 - Somerset,Ariel Troster,5050040.00,MAJOR,367322.709600003,5030793.18769946
120,120,7/26/2019 5:00:00 AM,200,2019,7/26/2019 5:00:00 AM,100,2019,Night,Friday,5,Lowertown,24,Central,Ward 12 - Rideau-Vanier,Stéphanie Plante,5050056.00,NONE,368601.704900002,5032846.58899946
121,121,8/2/2019 5:00:00 AM,900,2019,8/2/2019 5:00:00 AM,900,2019,Morning,Friday,5,Centretown,23,Central,Ward 14 - Somerset,Ariel Troster,5050037.01,NONE,367963.872100002,5031179.26469946
122,122,8/3/2019 5:00:00 AM,200,2019,8/3/2019 5:00:00 AM,2200,2019,Evening,Saturday,6,Glebe - Dows Lake,22,Central,Ward 17 - Capital,Shawn Menard,5050019.00,,368113.691200003,5029324.85729946
123,123,8/8/2019 5:00:00 AM,0,2019,8/8/2019 5:00:00 AM,0,2019,Night,Thursday,4,Britannia Village,14,West,Ward 7 - Bay,Theresa Kavanagh,5050029.00,MINOR,359555.489000001,5024438.92409946
124,124,8/24/2019 5:00:00 AM,400,2019,8/24/2019 5:00:00 AM,400,2019,Night,Saturday,6,Bayshore,14,West,Ward 7 - Bay,Theresa Kavanagh,5050138.00,MAJOR,359210.669,5024119.51209946
125,125,8/25/2019 5:00:00 AM,1300,2019,8/24/2019 5:00:00 AM,1800,2019,Evening,Saturday,6,Osgoode,36,East,Ward 20 - Osgoode,George Darouze,5050191.02,,378113.738100005,5003640.35589946
126,126,8/30/2019 5:00:00 AM,100,2019,8/30/2019 5:00:00 AM,100,2019,Night,Friday,5,Overbrook - McArthur,25,Central,Ward 13 - Rideau-Rockcliffe,Rawlson King,5050013.00,NONE,370744.715100003,5031929.57699946
127,127,8/31/2019 5:00:00 AM,0,2019,8/31/2019 5:00:00 AM,0,2019,Night,Saturday,6,Ottawa East,22,Central,Ward 17 - Capital,Shawn Menard,5050015.00,,369670.712900003,5030959.57009946
128,128,9/2/2019 5:00:00 AM,1400,2019,9/2/2019 5:00:00 AM,1400,2019,Afternoon,Monday,1,Overbrook - McArthur,25,Central,Ward 13 - Rideau-Rockcliffe,Rawlson King,5050012.00,,372093.718900004,5032472.57889946
129,129,9/7/2019 5:00:00 AM,600,2019,9/7/2019 5:00:00 AM,400,2019,Night,Saturday,6,New Barrhaven - New Development - Stonebridge,16,West,Ward 24 - Barrhaven East,Wilson Lo,5050141.13,MAJOR,366527.124400002,5014369.76209946
130,130,9/14/2019 5:00:00 AM,300,2019,9/14/2019 5:00:00 AM,300,2019,Night,Saturday,6,Hunt Club Park,33,East,Ward 10 - Gloucester-Southgate,Jessica Bradley,5050001.07,,373684.738100005,5025945.52599946
131,131,9/23/2019 5:00:00 AM,0,2019,9/23/2019 5:00:00 AM,0,2019,Night,Monday,1,Hawthorne Meadows - Sheffield Glen,33,East,Ward 18 - Alta Vista,Marty Carr,5050010.00,NONE,373498.732100004,5029149.54899946
132,132,9/29/2019 5:00:00 AM,200,2019,9/29/2019 5:00:00 AM,2000,2019,Evening,Sunday,7,Orléans Avalon - Notting Gate - Fallingbrook - Gardenway South,31,East,Ward 1 - Orléans East-Cumberland,Matthew Luloff,5050170.10,MINOR,383281.750100009,5038255.58189946
133,133,10/4/2019 5:00:00 AM,300,2019,10/4/2019 5:00:00 AM,300,2019,Night,Friday,5,Orléans Chapel Hill,31,East,Ward 2 - Orléans West-Innes,Laura Dudas,5050125.07,,380755.744100007,5036275.57889946
134,134,10/5/2019 5:00:00 AM,200,2019,10/5/2019 5:00:00 AM,2300,2019,Evening,Saturday,6,Bayshore,14,West,Ward 7 - Bay,Theresa Kavanagh,5050138.00,,358889.807900002,5023215.22489946
135,135,10/6/2019 5:00:00 AM,200,2019,10/6/2019 5:00:00 AM,200,2019,Night,Sunday,7,Crestview - Meadowlands,17,West,Ward 8 - College,Laine Johnson,5050133.00,NONE,363227.690100002,5023253.50599946
136,136,10/8/2019 5:00:00 AM,1800,2019,10/8/2019 5:00:00 AM,1800,2019,Evening,Tuesday,2,Hunt Club Park,33,East,Ward 10 - Gloucester-Southgate,Jessica Bradley,5050001.07,MAJOR,375045.401100003,5026242.21399946
137,137,10/12/2019 5:00:00 AM,1200,2019,10/12/2019 5:00:00 AM,1200,2019,Afternoon,Saturday,6,Ledbury - Heron Gate - Ridgemont - Elmwood,34,East,Ward 16 - River,Riley Brockington,5050001.10,UNKNOWN,370828.031800002,5025379.67699946
138,138,10/15/2019 5:00:00 AM,100,2019,10/15/2019 5:00:00 AM,100,2019,Night,Tuesday,2,Orléans North West,31,East,Ward 2 - Orléans West-Innes,Laura Dudas,5050124.04,,380027.467900007,5037650.84239946
139,139,10/20/2019 5:00:00 AM,500,2019,10/20/2019 5:00:00 AM,500,2019,Night,Sunday,7,Borden Farm - Stewart Farm - Parkwood Hills - Fisher Glen,17,West,Ward 9 - Knoxdale-Merivale,Sean Devine,5050131.02,MINOR,366010.7041,5024369.51589946
140,140,10/20/2019 5:00:00 AM,600,2019,10/20/2019 5:00:00 AM,600,2019,Morning,Sunday,7,Sandy Hill - Ottawa East,24,Central,Ward 12 - Rideau-Vanier,Stéphanie Plante,5050050.00,,368750.707900003,5031694.57809946
141,141,10/20/2019 5:00:00 AM,0,2019,10/20/2019 5:00:00 AM,0,2019,Night,Sunday,7,Westboro,21,Central,Ward 15 - Kitchissippi,Jeff Leiper,5050045.02,NONE,362836.687900001,5028741.55399946
142,142,10/21/2019 5:00:00 AM,200,2019,10/21/2019 5:00:00 AM,300,2019,Night,Monday,1,Vanier North,25,Central,Ward 12 - Rideau-Vanier,Stéphanie Plante,5050104.00,,370140.709000003,5033529.59289946
143,143,10/26/2019 5:00:00 AM,500,2019,10/26/2019 5:00:00 AM,500,2019,Night,Saturday,6,Orléans Avalon - Notting Gate - Fallingbrook - Gardenway South,31,East,Ward 19 - Orléans South-Navan,Catherine Kitts,5050171.15,NONE,384607.594000009,5035260.01699946
144,144,11/11/2019 5:00:00 AM,1100,2019,11/11/2019 5:00:00 AM,1100,2019,Morning,Monday,1,Iris,15,West,Ward 8 - College,Laine Johnson,5050026.00,NONE,360694.017000001,5022917.16989946
145,145,11/15/2019 5:00:00 AM,0,2019,11/13/2019 5:00:00 AM,400,2019,Night,Wednesday,3,Crestview - Meadowlands,17,West,Ward 8 - College,Laine Johnson,5050134.00,,364468.592899999,5023509.07399946
146,146,11/20/2019 5:00:00 AM,800,2019,11/20/2019 5:00:00 AM,600,2019,Morning,Wednesday,3,Cityview - Skyline - Fisher Heights,17,West,Ward 9 - Knoxdale-Merivale,Sean Devine,5050132.00,MAJOR,364739.096500002,5024009.30959946
147,147,11/27/2019 5:00:00 AM,1600,2019,11/27/2019 5:00:00 AM,1600,2019,Afternoon,Wednesday,3,Hunt Club Park,33,East,Ward 10 - Gloucester-Southgate,Jessica Bradley,5050001.07,FATAL,373980.122300005,5025767.74129946
148,148,12/7/2019 5:00:00 AM,1900,2019,12/7/2019 5:00:00 AM,1900,2019,Evening,Saturday,6,Carleton Heights - Rideauview,17,West,Ward 16 - River,Riley Brockington,5050020.01,,367215.159300003,5025588.92829946
149,149,12/27/2019 5:00:00 AM,700,2019,12/27/2019 5:00:00 AM,400,2019,Night,Friday,5,Lowertown,24,Central,Ward 12 - Rideau-Vanier,Stéphanie Plante,5050056.00,,368601.704900002,5032846.58899946
150,150,12/28/2019 5:00:00 AM,500,2019,12/28/2019 5:00:00 AM,500,2019,Night,Saturday,6,Carleton Heights - Rideauview,17,West,Ward 16 - River,Riley Brockington,5050020.01,,367215.159300003,5025588.92829946
151,151,12/31/2019 5:00:00 AM,200,2019,12/31/2019 5:00:00 AM,2000,2019,Evening,Tuesday,2,Centretown,23,Central,Ward 14 - Somerset,Ariel Troster,5050038.00,,367808.704900001,5031085.57399946
152,152,1/1/2020 5:00:00 AM,800,2020,1/1/2020 5:00:00 AM,400,2020,Night,Wednesday,3,Chapman Mills - Rideau Crest - Davidson Heights,16,West,Ward 24 - Barrhaven East,Wilson Lo,5050141.13,,366688.738900002,5014176.78709946
153,153,1/2/2020 5:00:00 AM,0,2020,1/1/2020 5:00:00 AM,2200,2020,Evening,Wednesday,3,West Centertown,22,Central,Ward 14 - Somerset,Ariel Troster,5050041.00,MAJOR,366968.187100002,5030475.11809946
154,154,1/8/2020 5:00:00 AM,700,2020,1/8/2020 5:00:00 AM,700,2020,Morning,Wednesday,3,Centretown,23,Central,Ward 14 - Somerset,Ariel Troster,5050040.00,FATAL,367617.249600002,5030672.87149946
155,155,2/8/2020 5:00:00 AM,200,2020,2/8/2020 5:00:00 AM,2100,2020,Evening,Saturday,6,Bells Corners West,15,West,Ward 8 - College,Laine Johnson,5050136.02,MAJOR,357232.651,5019489.46899946
156,156,3/15/2020 5:00:00 AM,1300,2020,3/15/2020 5:00:00 AM,1300,2020,Afternoon,Sunday,7,Bells Corners West,15,West,Ward 8 - College,Laine Johnson,5050136.02,MINOR,356395.647100001,5020053.47399946
157,157,3/25/2020 5:00:00 AM,1500,2020,3/25/2020 5:00:00 AM,1100,2020,Morning,Wednesday,3,Carleton Heights - Rideauview,17,West,Ward 16 - River,Riley Brockington,5050020.01,,366849.824100003,5025638.29099946
158,158,3/26/2020 5:00:00 AM,200,2020,3/26/2020 5:00:00 AM,2100,2020,Evening,Thursday,4,Centretown,23,Central,Ward 14 - Somerset,Ariel Troster,5050039.00,,367252.704900003,5029796.56299946
159,159,4/1/2020 5:00:00 AM,1400,2020,4/1/2020 5:00:00 AM,1400,2020,Afternoon,Wednesday,3,Ottawa South,22,Central,Ward 17 - Capital,Shawn Menard,5050020.01,NONE,367769.968000003,5027975.90119946
160,160,4/15/2020 5:00:00 AM,200,2020,4/15/2020 5:00:00 AM,2300,2020,Evening,Wednesday,3,Bayshore,14,West,Ward 7 - Bay,Theresa Kavanagh,5050138.00,,359142.416500002,5023738.96119946
161,161,5/1/2020 5:00:00 AM,200,2020,5/1/2020 5:00:00 AM,2200,2020,Evening,Friday,5,Cummings,32,East,Ward 11 - Beacon Hill-Cyrville,Tim Tierney,5050122.01,MAJOR,372564.721100003,5032241.57589946
162,162,5/9/2020 5:00:00 AM,0,2020,5/9/2020 5:00:00 AM,0,2020,Night,Saturday,6,Munster,12,West,Ward 21 - Rideau-Jock,David Brown,5050151.09,NONE,345500.529000002,5007091.39999946
163,163,5/9/2020 5:00:00 AM,200,2020,5/9/2020 5:00:00 AM,2000,2020,Evening,Saturday,6,Bells Corners East,15,West,Ward 8 - College,Laine Johnson,5050136.01,NONE,357493.015100002,5019750.19889946
164,164,5/17/2020 5:00:00 AM,200,2020,5/17/2020 5:00:00 AM,2000,2020,Evening,Sunday,7,Bells Corners West,15,West,Ward 8 - College,Laine Johnson,5050136.02,,356736.6479,5019813.47209946
165,165,6/1/2020 5:00:00 AM,1800,2020,6/1/2020 5:00:00 AM,1800,2020,Evening,Monday,1,Iris,15,West,Ward 8 - College,Laine Johnson,5050026.00,NONE,361633.192900003,5023935.51399946
166,166,6/1/2020 5:00:00 AM,1700,2020,6/1/2020 5:00:00 AM,1700,2020,Afternoon,Monday,1,Overbrook - McArthur,25,Central,Ward 13 - Rideau-Rockcliffe,Rawlson King,5050013.00,MINOR,370900.715100003,5032336.57999946
167,167,6/1/2020 5:00:00 AM,1300,2020,6/1/2020 5:00:00 AM,500,2020,Night,Monday,1,Qualicum - Redwood Park,15,West,Ward 8 - College,Laine Johnson,5050027.00,NONE,360386.674000001,5022901.50109946
168,168,6/1/2020 5:00:00 AM,600,2020,6/1/2020 5:00:00 AM,600,2020,Morning,Monday,1,Iris,15,West,Ward 8 - College,Laine Johnson,5050026.00,NONE,361936.784100002,5023506.30709946
169,169,6/6/2020 5:00:00 AM,1400,2020,6/5/2020 5:00:00 AM,2300,2020,Evening,Friday,5,Qualicum - Redwood Park,15,West,Ward 8 - College,Laine Johnson,5050027.00,,360215.674000002,5023136.50299946
170,170,6/10/2020 5:00:00 AM,800,2020,6/9/2020 5:00:00 AM,2000,2020,Evening,Tuesday,2,Cummings,32,East,Ward 13 - Rideau-Rockcliffe,Rawlson King,5050061.00,,372336.718100002,5033017.58299946
171,171,6/19/2020 5:00:00 AM,100,2020,6/19/2020 5:00:00 AM,100,2020,Night,Friday,5,Byward Market,24,Central,Ward 12 - Rideau-Vanier,Stéphanie Plante,5050054.00,MAJOR,368042.704100002,5032503.58709946
172,172,6/29/2020 5:00:00 AM,200,2020,6/29/2020 5:00:00 AM,2100,2020,Evening,Monday,1,Whitehaven - Queensway Terrace North,14,West,Ward 7 - Bay,Theresa Kavanagh,5050028.00,NONE,360220.707700002,5023371.53939946
173,173,6/29/2020 5:00:00 AM,200,2020,6/29/2020 5:00:00 AM,2000,2020,Evening,Monday,1,Bayshore,14,West,Ward 7 - Bay,Theresa Kavanagh,5050029.00,MINOR,359349.669900001,5024210.51209946
174,174,7/13/2020 5:00:00 AM,200,2020,7/13/2020 5:00:00 AM,2100,2020,Evening,Monday,1,Munster,12,West,Ward 21 - Rideau-Jock,David Brown,5050151.09,,352538.551000001,4998582.30789946
175,175,7/14/2020 5:00:00 AM,900,2020,7/13/2020 5:00:00 AM,1700,2020,Afternoon,Monday,1,Hunt Club South Industrial,17,West,Ward 9 - Knoxdale-Merivale,Sean Devine,5050130.01,,366863.180000003,5022828.03209946
176,176,7/23/2020 5:00:00 AM,200,2020,7/23/2020 5:00:00 AM,2300,2020,Evening,Thursday,4,Glen Cairn - Kanata South Business Park,13,West,Ward 23 - Kanata South,Allan Hubley,5050162.03,NONE,353446.620000001,5016935.44709946
177,177,7/25/2020 5:00:00 AM,200,2020,7/25/2020 5:00:00 AM,2300,2020,Evening,Saturday,6,Britannia Village,14,West,Ward 7 - Bay,Theresa Kavanagh,5050029.00,NONE,359555.489000001,5024438.92409946
178,178,7/27/2020 5:00:00 AM,0,2020,7/27/2020 5:00:00 AM,0,2020,Night,Monday,1,Bayshore,14,West,Ward 7 - Bay,Theresa Kavanagh,5050138.00,NONE,359068.741600002,5023874.64459946
179,179,7/27/2020 5:00:00 AM,1700,2020,7/27/2020 5:00:00 AM,1600,2020,Afternoon,Monday,1,Carson Grove - Carson Meadows,32,East,Ward 13 - Rideau-Rockcliffe,Rawlson King,5050062.01,FATAL,372741.361600004,5034102.57509946
180,180,7/27/2020 5:00:00 AM,0,2020,7/27/2020 5:00:00 AM,0,2020,Night,Monday,1,Carlington,21,Central,Ward 16 - River,Riley Brockington,5050021.00,NONE,365209.698900002,5026651.53589946
181,181,7/28/2020 5:00:00 AM,400,2020,7/28/2020 5:00:00 AM,400,2020,Night,Tuesday,2,Whitehaven - Queensway Terrace North,14,West,Ward 7 - Bay,Theresa Kavanagh,5050028.00,NONE,360127.621000002,5024325.28249946
182,182,7/29/2020 5:00:00 AM,200,2020,7/29/2020 5:00:00 AM,2000,2020,Evening,Wednesday,3,Bridlewood - Emerald Meadows,13,West,Ward 23 - Kanata South,Allan Hubley,5050151.08,NONE,354700.149000002,5015652.36999946
183,183,7/29/2020 5:00:00 AM,100,2020,7/29/2020 5:00:00 AM,100,2020,Night,Wednesday,3,Britannia Village,14,West,Ward 7 - Bay,Theresa Kavanagh,5050029.00,,359555.489000001,5024438.92409946
184,184,8/5/2020 5:00:00 AM,700,2020,8/5/2020 5:00:00 AM,700,2020,Morning,Wednesday,3,Whitehaven - Queensway Terrace North,14,West,Ward 7 - Bay,Theresa Kavanagh,5050029.00,NONE,359558.671000002,5024103.51209946
185,185,8/20/2020 5:00:00 AM,200,2020,8/20/2020 5:00:00 AM,200,2020,Night,Thursday,4,Billings Bridge - Alta Vista,34,East,Ward 18 - Alta Vista,Marty Carr,5050005.00,,369422.511500004,5027763.21339946
186,186,8/21/2020 5:00:00 AM,100,2020,8/21/2020 5:00:00 AM,0,2020,Night,Friday,5,Whitehaven - Queensway Terrace North,14,West,Ward 7 - Bay,Theresa Kavanagh,5050029.00,FATAL,359944.677000001,5024259.01059946
187,187,8/22/2020 5:00:00 AM,200,2020,8/22/2020 5:00:00 AM,2000,2020,Evening,Saturday,6,Riverside Park,34,East,Ward 16 - River,Riley Brockington,5050003.00,MINOR,367554.718100003,5026515.83889946
188,188,8/23/2020 5:00:00 AM,1700,2020,8/23/2020 5:00:00 AM,1700,2020,Afternoon,Sunday,7,Woodvale - Craig Henry - Manordale - Estates of Arlington Woods,15,West,Ward 9 - Knoxdale-Merivale,Sean Devine,5050135.03,MAJOR,361983.681900003,5021005.48489946
189,189,9/18/2020 5:00:00 AM,1000,2020,9/18/2020 5:00:00 AM,1000,2020,Morning,Friday,5,Orléans Village - Chateauneuf,31,East,Ward 2 - Orléans West-Innes,Laura Dudas,5050125.05,NOT APPLICABLE,381765.747100009,5036888.57889946
190,190,9/18/2020 5:00:00 AM,1500,2020,9/14/2020 5:00:00 AM,1400,2020,Afternoon,Monday,1,Riverside Park,34,East,Ward 16 - River,Riley Brockington,5050003.00,MAJOR,368167.712900003,5026222.53209946
191,191,9/28/2020 5:00:00 AM,200,2020,9/28/2020 5:00:00 AM,2300,2020,Evening,Monday,1,Ottawa East,22,Central,Ward 17 - Capital,Shawn Menard,5050015.00,UNKNOWN,369468.712900004,5030577.56709946
192,192,10/18/2020 5:00:00 AM,200,2020,10/18/2020 5:00:00 AM,2200,2020,Evening,Sunday,7,Overbrook - McArthur,25,Central,Ward 13 - Rideau-Rockcliffe,Rawlson King,5050012.00,NONE,371360.715900005,5032388.57999946
193,193,11/24/2020 5:00:00 AM,1300,2020,11/24/2020 5:00:00 AM,1300,2020,Afternoon,Tuesday,2,Cummings,32,East,Ward 11 - Beacon Hill-Cyrville,Tim Tierney,5050122.01,,372453.721100005,5032005.57399946
194,194,12/5/2020 5:00:00 AM,1200,2020,12/5/2020 5:00:00 AM,1200,2020,Afternoon,Saturday,6,Centretown,23,Central,Ward 14 - Somerset,Ariel Troster,5050038.00,MAJOR,367563.534200003,5031134.06259946
195,195,12/24/2020 5:00:00 AM,1400,2020,12/24/2020 5:00:00 AM,1400,2020,Afternoon,Thursday,4,Cummings,32,East,Ward 11 - Beacon Hill-Cyrville,Tim Tierney,5050122.01,,372412.720000004,5032504.57889946
196,196,12/29/2020 5:00:00 AM,600,2020,12/29/2020 5:00:00 AM,600,2020,Morning,Tuesday,2,Corkery,11,West,Ward 5 - West Carleton-March,Clarke Kelly,5050300.02,,342293.518100001,5013480.45209946
197,197,1/1/2021 5:00:00 AM,400,2021,1/1/2021 5:00:00 AM,400,2021,Night,Friday,5,Kanata Lakes - Marchwood Lakeside - Morgan's Grant - Kanata North Business Park,13,West,Ward 4 - Kanata North,Cathy Curry,5050160.13,MAJOR,349345.6065,5023821.49009946
198,198,1/5/2021 5:00:00 AM,1900,2021,1/5/2021 5:00:00 AM,1900,2021,Evening,Tuesday,2,Iris,15,West,Ward 8 - College,Laine Johnson,5050026.00,MINOR,360847.015100001,5023442.67589946
199,199,1/8/2021 5:00:00 AM,200,2021,1/8/2021 5:00:00 AM,2300,2021,Evening,Friday,5,Lowertown,24,Central,Ward 12 - Rideau-Vanier,Stéphanie Plante,5050056.00,,368601.704900002,5032846.58899946
200,200,1/16/2021 5:00:00 AM,300,2021,1/16/2021 5:00:00 AM,300,2021,Night,Saturday,6,Greenboro East,35,East,Ward 10 - Gloucester-Southgate,Jessica Bradley,5050001.06,FATAL,372592.914000004,5025136.16299946
201,201,1/28/2021 5:00:00 AM,1000,2021,1/28/2021 5:00:00 AM,200,2021,Night,Thursday,4,Glen Cairn - Kanata South Business Park,13,West,Ward 6 - Stittsville,Glen Gower,5050162.04,,353383.832200001,5014711.82149946
202,202,2/9/2021 5:00:00 AM,1900,2021,2/9/2021 5:00:00 AM,1900,2021,Evening,Tuesday,2,Greely,36,East,Ward 20 - Osgoode,George Darouze,5050190.02,MAJOR,375756.338100006,5013687.53399946
203,203,2/9/2021 5:00:00 AM,0,2021,2/9/2021 5:00:00 AM,0,2021,Night,Tuesday,2,Westboro,21,Central,Ward 15 - Kitchissippi,Jeff Leiper,5050033.02,NONE,364180.015600002,5027715.70799946
204,204,2/11/2021 5:00:00 AM,1600,2021,2/11/2021 5:00:00 AM,1600,2021,Afternoon,Thursday,4,Byward Market,24,Central,Ward 12 - Rideau-Vanier,Stéphanie Plante,5050054.00,MAJOR,368207.454000003,5032227.18189946
205,205,2/15/2021 5:00:00 AM,300,2021,2/14/2021 5:00:00 AM,1700,2021,Afternoon,Sunday,7,Beacon Hill South - Cardinal Heights,32,East,Ward 11 - Beacon Hill-Cyrville,Tim Tierney,5050121.02,NONE,375924.727900006,5034561.58599946
206,206,2/21/2021 5:00:00 AM,1600,2021,2/21/2021 5:00:00 AM,1600,2021,Afternoon,Sunday,7,West Centertown,22,Central,Ward 14 - Somerset,Ariel Troster,5050042.00,NONE,367039.130100002,5030018.92299946
207,207,2/21/2021 5:00:00 AM,1600,2021,2/21/2021 5:00:00 AM,1500,2021,Afternoon,Sunday,7,West Centertown,22,Central,Ward 14 - Somerset,Ariel Troster,5050042.00,,366426.878800004,5029859.64219946
208,208,2/25/2021 5:00:00 AM,200,2021,2/25/2021 5:00:00 AM,2000,2021,Evening,Thursday,4,Briar Green - Leslie Park,15,West,Ward 8 - College,Laine Johnson,5050137.04,NONE,361122.517000001,5022352.16899946
209,209,2/26/2021 5:00:00 AM,1800,2021,2/26/2021 5:00:00 AM,1800,2021,Evening,Friday,5,Carlingwood West - Glabar Park - McKellar Heights,14,West,Ward 16 - River,Riley Brockington,5050025.00,MINOR,363590.692100002,5026701.53589946
210,210,3/7/2021 5:00:00 AM,1200,2021,3/7/2021 5:00:00 AM,1200,2021,Afternoon,Sunday,7,Richmond,12,West,Ward 21 - Rideau-Jock,David Brown,5050151.09,FATAL,358676.618900001,5003930.32489946
211,211,3/15/2021 5:00:00 AM,200,2021,3/15/2021 5:00:00 AM,2200,2021,Evening,Monday,1,Lowertown,24,Central,Ward 12 - Rideau-Vanier,Stéphanie Plante,5050056.00,NONE,368601.704900002,5032846.58899946
212,212,3/19/2021 5:00:00 AM,1200,2021,3/19/2021 5:00:00 AM,1200,2021,Afternoon,Friday,5,Corkery,11,West,Ward 5 - West Carleton-March,Clarke Kelly,5050151.09,,339100.477,5006629.45289946
213,213,3/21/2021 5:00:00 AM,200,2021,3/21/2021 5:00:00 AM,1800,2021,Evening,Sunday,7,East Industrial,33,East,Ward 10 - Gloucester-Southgate,Jessica Bradley,5050001.08,,373689.198100002,5027495.86599946
214,214,3/21/2021 5:00:00 AM,200,2021,3/21/2021 5:00:00 AM,2100,2021,Evening,Sunday,7,Britannia Village,14,West,Ward 7 - Bay,Theresa Kavanagh,5050030.00,,360729.678100001,5025528.52489946
215,215,3/23/2021 5:00:00 AM,1100,2021,9/17/2020 5:00:00 AM,300,2020,Night,Thursday,4,Riverside Park,34,East,Ward 16 - River,Riley Brockington,5050003.00,NONE,368167.712900003,5026222.53209946
216,216,3/24/2021 5:00:00 AM,1800,2021,3/24/2021 5:00:00 AM,1800,2021,Evening,Wednesday,3,Elmvale - Eastway - Riverview - Riverview Park West,33,East,Ward 17 - Capital,Shawn Menard,5050011.03,,370375.401900004,5030346.50789946
217,217,3/26/2021 5:00:00 AM,1900,2021,3/26/2021 5:00:00 AM,1900,2021,Evening,Friday,5,Overbrook - McArthur,25,Central,Ward 13 - Rideau-Rockcliffe,Rawlson King,5050012.00,,372120.720000002,5032152.57589946
218,218,3/30/2021 5:00:00 AM,200,2021,3/30/2021 5:00:00 AM,2200,2021,Evening,Tuesday,2,Centretown,23,Central,Ward 14 - Somerset,Ariel Troster,5050041.00,UNKNOWN,366968.187100002,5030475.11809946
219,219,4/2/2021 5:00:00 AM,1400,2021,4/2/2021 5:00:00 AM,1400,2021,Afternoon,Friday,5,Overbrook - McArthur,25,Central,Ward 12 - Rideau-Vanier,Stéphanie Plante,5050101.00,,370222.274700003,5033145.94129946
220,220,4/3/2021 5:00:00 AM,1700,2021,4/3/2021 5:00:00 AM,1700,2021,Afternoon,Saturday,6,Overbrook - McArthur,25,Central,Ward 13 - Rideau-Rockcliffe,Rawlson King,5050012.00,NONE,372080.734700003,5031933.45589946
221,221,5/6/2021 5:00:00 AM,1100,2021,5/6/2021 5:00:00 AM,1000,2021,Morning,Thursday,4,West Centertown,22,Central,Ward 14 - Somerset,Ariel Troster,5050041.00,,366899.187100003,5030432.60189946
222,222,5/6/2021 5:00:00 AM,700,2021,5/6/2021 5:00:00 AM,700,2021,Morning,Thursday,4,Centretown,23,Central,Ward 14 - Somerset,Ariel Troster,5050039.00,,367252.704900003,5029796.56299946
223,223,5/14/2021 5:00:00 AM,1900,2021,5/14/2021 5:00:00 AM,1900,2021,Evening,Friday,5,Riverside Park,34,East,Ward 16 - River,Riley Brockington,5050003.00,,368167.712900003,5026222.53209946
224,224,5/14/2021 5:00:00 AM,0,2021,5/14/2021 5:00:00 AM,0,2021,Night,Friday,5,Emerald Woods - Sawmill Creek,35,East,Ward 10 - Gloucester-Southgate,Jessica Bradley,5050123.01,MAJOR,371620.731000004,5023532.50989946
225,225,5/15/2021 5:00:00 AM,200,2021,5/15/2021 5:00:00 AM,2300,2021,Evening,Saturday,6,Greenbelt SouthEast,33,East,Ward 10 - Gloucester-Southgate,Jessica Bradley,5050126.04,MINOR,379586.767100006,5026006.51589946
226,226,5/15/2021 5:00:00 AM,1300,2021,5/15/2021 5:00:00 AM,1300,2021,Afternoon,Saturday,6,Hunt Club Park,33,East,Ward 10 - Gloucester-Southgate,Jessica Bradley,5050001.07,,373752.738100004,5026181.52709946
227,227,5/18/2021 5:00:00 AM,600,2021,5/18/2021 5:00:00 AM,500,2021,Night,Tuesday,2,Hunt Club - Ottawa Airport,35,East,Ward 10 - Gloucester-Southgate,Jessica Bradley,5050002.06,MAJOR,368809.437000003,5022148.30709946
228,228,5/26/2021 5:00:00 AM,200,2021,5/26/2021 5:00:00 AM,2000,2021,Evening,Wednesday,3,Cummings,32,East,Ward 11 - Beacon Hill-Cyrville,Tim Tierney,5050122.03,FATAL,373748.726000003,5032387.57399946
229,229,5/28/2021 5:00:00 AM,1800,2021,5/28/2021 5:00:00 AM,1800,2021,Evening,Friday,5,Elmvale - Eastway - Riverview - Riverview Park West,33,East,Ward 18 - Alta Vista,Marty Carr,5050011.04,MAJOR,370700.504100003,5030197.50849946
230,230,5/29/2021 5:00:00 AM,500,2021,5/29/2021 5:00:00 AM,500,2021,Night,Saturday,6,Orléans Avalon - Notting Gate - Fallingbrook - Gardenway South,31,East,Ward 1 - Orléans East-Cumberland,Matthew Luloff,5050170.09,,383342.752100009,5037731.57699946
231,231,5/30/2021 5:00:00 AM,200,2021,5/30/2021 5:00:00 AM,2100,2021,Evening,Sunday,7,Braemar Park - Bel Air Heights - Copeland Park,17,West,Ward 8 - College,Laine Johnson,5050026.00,MAJOR,362211.394000002,5024366.57999946
232,232,5/30/2021 5:00:00 AM,0,2021,5/30/2021 5:00:00 AM,0,2021,Night,Sunday,7,Pineview,32,East,Ward 11 - Beacon Hill-Cyrville,Tim Tierney,5050122.02,FATAL,374645.380700005,5031325.75179946
233,233,6/6/2021 5:00:00 AM,200,2021,6/6/2021 5:00:00 AM,2200,2021,Evening,Sunday,7,Ledbury - Heron Gate - Ridgemont - Elmwood,34,East,Ward 16 - River,Riley Brockington,5050001.10,,371033.726000004,5026354.53099946
234,234,6/11/2021 5:00:00 AM,400,2021,6/11/2021 5:00:00 AM,400,2021,Night,Friday,5,Elmvale - Eastway - Riverview - Riverview Park West,33,East,Ward 18 - Alta Vista,Marty Carr,5050008.00,,373561.425200006,5027959.15289946
235,235,6/12/2021 5:00:00 AM,1900,2021,6/12/2021 5:00:00 AM,1600,2021,Afternoon,Saturday,6,Orléans Village - Chateauneuf,31,East,Ward 2 - Orléans West-Innes,Laura Dudas,5050125.09,MAJOR,380383.747900008,5034666.56899946
236,236,6/13/2021 5:00:00 AM,200,2021,6/13/2021 5:00:00 AM,2100,2021,Evening,Sunday,7,Vanier North,25,Central,Ward 12 - Rideau-Vanier,Stéphanie Plante,5050101.00,,370330.460000003,5033208.44009946
237,237,6/14/2021 5:00:00 AM,0,2021,6/14/2021 5:00:00 AM,0,2021,Night,Monday,1,Cummings,32,East,Ward 11 - Beacon Hill-Cyrville,Tim Tierney,5050122.03,MAJOR,373791.724900004,5032732.57699946
238,238,6/23/2021 5:00:00 AM,200,2021,6/23/2021 5:00:00 AM,200,2021,Night,Wednesday,3,Ledbury - Heron Gate - Ridgemont - Elmwood,34,East,Ward 10 - Gloucester-Southgate,Jessica Bradley,5050001.09,,371033.726000004,5026354.53099946
239,239,7/3/2021 5:00:00 AM,0,2021,7/2/2021 5:00:00 AM,2300,2021,Evening,Friday,5,Sandy Hill - Ottawa East,24,Central,Ward 12 - Rideau-Vanier,Stéphanie Plante,5050051.00,MAJOR,369068.751200003,5031986.47279946
240,240,7/5/2021 5:00:00 AM,100,2021,7/4/2021 5:00:00 AM,100,2021,Night,Sunday,7,Lowertown,24,Central,Ward 12 - Rideau-Vanier,Stéphanie Plante,5050053.00,MAJOR,368824.782200002,5032744.66089946
241,241,7/10/2021 5:00:00 AM,1700,2021,7/10/2021 5:00:00 AM,1700,2021,Afternoon,Saturday,6,Vanier South,25,Central,Ward 12 - Rideau-Vanier,Stéphanie Plante,5050102.00,NONE,370927.712900003,5033170.58789946
242,242,7/13/2021 5:00:00 AM,500,2021,7/13/2021 5:00:00 AM,500,2021,Night,Tuesday,2,Hawthorne Meadows - Sheffield Glen,33,East,Ward 18 - Alta Vista,Marty Carr,5050010.00,NONE,373800.548700003,5029100.07909946
243,243,7/14/2021 5:00:00 AM,200,2021,7/14/2021 5:00:00 AM,2000,2021,Evening,Wednesday,3,Emerald Woods - Sawmill Creek,35,East,Ward 10 - Gloucester-Southgate,Jessica Bradley,5050123.01,NONE,371536.731000003,5023407.50899946
244,244,7/22/2021 5:00:00 AM,,2021,7/22/2021 5:00:00 AM,,2021,,Thursday,4,Cummings,32,East,Ward 13 - Rideau-Rockcliffe,Rawlson King,5050061.00,NONE,371947.715100003,5033628.58989946
245,245,8/2/2021 5:00:00 AM,200,2021,8/2/2021 5:00:00 AM,2300,2021,Evening,Monday,1,Carlington,21,Central,Ward 16 - River,Riley Brockington,5050022.00,MAJOR,364641.697000002,5026261.53209946
246,246,8/3/2021 5:00:00 AM,800,2021,8/3/2021 5:00:00 AM,800,2021,Morning,Tuesday,2,Rothwell Heights - Beacon Hill North,32,East,Ward 11 - Beacon Hill-Cyrville,Tim Tierney,5050120.02,,376519.727900006,5035506.59209946
247,247,8/9/2021 5:00:00 AM,1800,2021,8/9/2021 5:00:00 AM,1800,2021,Evening,Monday,1,Playfair Park - Lynda Park - Guildwood Estates,34,East,Ward 18 - Alta Vista,Marty Carr,5050007.01,MINOR,371462.724900004,5027872.54299946
248,248,8/10/2021 5:00:00 AM,200,2021,8/10/2021 5:00:00 AM,2000,2021,Evening,Tuesday,2,Lowertown,24,Central,Ward 12 - Rideau-Vanier,Stéphanie Plante,5050056.00,FATAL,368601.704900002,5032846.58899946
249,249,8/11/2021 5:00:00 AM,1900,2021,8/11/2021 5:00:00 AM,1900,2021,Evening,Wednesday,3,Osgoode,36,East,Ward 20 - Osgoode,George Darouze,5050191.01,,375930.738100005,5007700.38899946
250,250,8/19/2021 5:00:00 AM,1400,2021,8/19/2021 5:00:00 AM,1400,2021,Afternoon,Thursday,4,Iris,15,West,Ward 8 - College,Laine Johnson,5050026.00,,361384.511000001,5023827.50989946
251,251,8/21/2021 5:00:00 AM,300,2021,8/21/2021 5:00:00 AM,300,2021,Night,Saturday,6,Riverside South - Leitrim,35,East,Ward 22 - Riverside South-Findlay Creek,Steve Desroches,5050126.07,,372980.967800004,5020081.92499946
252,252,8/26/2021 5:00:00 AM,200,2021,8/26/2021 5:00:00 AM,2100,2021,Evening,Thursday,4,Ledbury - Heron Gate - Ridgemont - Elmwood,34,East,Ward 16 - River,Riley Brockington,5050001.10,MAJOR,371119.726000003,5026146.53009946
253,253,8/26/2021 5:00:00 AM,1500,2021,8/26/2021 5:00:00 AM,1500,2021,Afternoon,Thursday,4,Riverside South - Leitrim,35,East,Ward 22 - Riverside South-Findlay Creek,Steve Desroches,5050126.09,MAJOR,376189.675400006,5021345.91339946
254,254,8/30/2021 5:00:00 AM,0,2021,8/29/2021 5:00:00 AM,2100,2021,Evening,Sunday,7,Greenboro East,35,East,Ward 10 - Gloucester-Southgate,Jessica Bradley,5050001.05,MINOR,372592.914000004,5025136.16299946
255,255,9/6/2021 5:00:00 AM,100,2021,9/6/2021 5:00:00 AM,0,2021,Night,Monday,1,Byward Market,24,Central,Ward 12 - Rideau-Vanier,Stéphanie Plante,5050054.00,NONE,367943.703000002,5032442.58599946
256,256,9/6/2021 5:00:00 AM,200,2021,9/6/2021 5:00:00 AM,2200,2021,Evening,Monday,1,Bridlewood - Emerald Meadows,13,West,Ward 23 - Kanata South,Allan Hubley,5050161.05,MAJOR,354754.627099999,5016013.43809946
257,257,9/7/2021 5:00:00 AM,1400,2021,9/7/2021 5:00:00 AM,1400,2021,Afternoon,Tuesday,2,Bridlewood - Emerald Meadows,13,West,Ward 23 - Kanata South,Allan Hubley,5050161.05,,354754.627099999,5016013.43809946
258,258,9/8/2021 5:00:00 AM,1400,2021,8/18/2021 5:00:00 AM,0,2021,Night,Wednesday,3,New Barrhaven - New Development - Stonebridge,16,West,Ward 24 - Barrhaven East,Wilson Lo,5050141.10,,365409.384100003,5015667.40489946
259,259,9/10/2021 5:00:00 AM,200,2021,9/10/2021 5:00:00 AM,200,2021,Night,Friday,5,Hunt Club Upper -Blossom Park - Timbermill,35,East,Ward 10 - Gloucester-Southgate,Jessica Bradley,5050127.00,MAJOR,372869.064000004,5022435.56399946
260,260,9/15/2021 5:00:00 AM,200,2021,9/15/2021 5:00:00 AM,2200,2021,Evening,Wednesday,3,Ledbury - Heron Gate - Ridgemont - Elmwood,34,East,Ward 10 - Gloucester-Southgate,Jessica Bradley,5050001.09,NONE,371424.680100004,5026591.75369946
261,261,9/16/2021 5:00:00 AM,200,2021,9/16/2021 5:00:00 AM,2100,2021,Evening,Thursday,4,Hawthorne Meadows - Sheffield Glen,33,East,Ward 18 - Alta Vista,Marty Carr,5050010.00,NONE,374458.197100005,5028634.35969946
262,262,9/24/2021 5:00:00 AM,0,2021,9/24/2021 5:00:00 AM,0,2021,Night,Friday,5,Whitehaven - Queensway Terrace North,14,West,Ward 7 - Bay,Theresa Kavanagh,5050028.00,MINOR,359958.912100002,5023772.65889946
263,263,9/26/2021 5:00:00 AM,400,2021,9/26/2021 5:00:00 AM,400,2021,Night,Sunday,7,Emerald Woods - Sawmill Creek,35,East,Ward 10 - Gloucester-Southgate,Jessica Bradley,5050123.01,NONE,372232.734000004,5023437.50899946
264,264,9/27/2021 5:00:00 AM,500,2021,9/27/2021 5:00:00 AM,500,2021,Night,Monday,1,Emerald Woods - Sawmill Creek,35,East,Ward 10 - Gloucester-Southgate,Jessica Bradley,5050123.01,NONE,372232.734000004,5023437.50899946
265,265,9/27/2021 5:00:00 AM,1800,2021,9/27/2021 5:00:00 AM,1800,2021,Evening,Monday,1,Whitehaven - Queensway Terrace North,14,West,Ward 7 - Bay,Theresa Kavanagh,5050028.00,,360220.707700002,5023371.53939946
266,266,10/1/2021 5:00:00 AM,500,2021,10/1/2021 5:00:00 AM,500,2021,Night,Friday,5,Rothwell Heights - Beacon Hill North,32,East,Ward 11 - Beacon Hill-Cyrville,Tim Tierney,5050120.02,,375869.771000005,5034694.83809946
267,267,10/2/2021 5:00:00 AM,200,2021,10/2/2021 5:00:00 AM,2300,2021,Evening,Saturday,6,Overbrook - McArthur,25,Central,Ward 13 - Rideau-Rockcliffe,Rawlson King,5050012.00,NONE,371539.250400004,5032088.20749946
268,268,10/8/2021 5:00:00 AM,200,2021,10/8/2021 5:00:00 AM,2200,2021,Evening,Friday,5,Bayshore,14,West,Ward 7 - Bay,Theresa Kavanagh,5050138.00,,358675.700400002,5023773.35499946
269,269,10/10/2021 5:00:00 AM,1700,2021,10/10/2021 5:00:00 AM,1700,2021,Afternoon,Sunday,7,West Centertown,22,Central,Ward 14 - Somerset,Ariel Troster,5050042.00,,366981.155100002,5030237.84109946
270,270,10/20/2021 5:00:00 AM,1700,2021,10/20/2021 5:00:00 AM,1700,2021,Afternoon,Wednesday,3,Hintonburg - Mechanicsville,21,Central,Ward 15 - Kitchissippi,Jeff Leiper,5050046.00,MAJOR,364790.851200002,5030097.34999946
271,271,10/29/2021 5:00:00 AM,1200,2021,10/29/2021 5:00:00 AM,1200,2021,Afternoon,Friday,5,Centretown,23,Central,Ward 14 - Somerset,Ariel Troster,5050038.00,MAJOR,367563.534200003,5031134.06259946
272,272,11/5/2021 5:00:00 AM,1600,2021,11/5/2021 5:00:00 AM,1600,2021,Afternoon,Friday,5,Civic Hospital-Central Park,21,Central,Ward 15 - Kitchissippi,Jeff Leiper,5050034.00,MINOR,365657.700000002,5028517.55209946
273,273,11/22/2021 5:00:00 AM,800,2021,11/21/2021 5:00:00 AM,2200,2021,Evening,Sunday,7,Hunt Club Upper -Blossom Park - Timbermill,35,East,Ward 10 - Gloucester-Southgate,Jessica Bradley,5050123.03,,372733.004900004,5024218.70489946
274,274,12/6/2021 5:00:00 AM,300,2021,12/6/2021 5:00:00 AM,300,2021,Night,Monday,1,Iris,15,West,Ward 8 - College,Laine Johnson,5050026.00,MAJOR,361633.192900003,5023935.51399946
275,275,12/14/2021 5:00:00 AM,1900,2021,12/14/2021 5:00:00 AM,1900,2021,Evening,Tuesday,2,Hunt Club South Industrial,17,West,Ward 9 - Knoxdale-Merivale,Sean Devine,5050130.01,,366254.704900002,5021899.49589946
276,276,12/15/2021 5:00:00 AM,200,2021,12/15/2021 5:00:00 AM,2200,2021,Evening,Wednesday,3,Vanier North,25,Central,Ward 12 - Rideau-Vanier,Stéphanie Plante,5050102.00,MINOR,370426.710100003,5033462.59209946
277,277,12/18/2021 5:00:00 AM,100,2021,12/18/2021 5:00:00 AM,100,2021,Night,Saturday,6,Byward Market,24,Central,Ward 12 - Rideau-Vanier,Stéphanie Plante,5050054.00,MAJOR,368042.704100002,5032503.58709946
278,278,12/22/2021 5:00:00 AM,1900,2021,12/22/2021 5:00:00 AM,1900,2021,Evening,Wednesday,3,Orléans Village - Chateauneuf,31,East,Ward 2 - Orléans West-Innes,Laura Dudas,5050125.09,MAJOR,380526.747900006,5034753.56899946
279,279,12/22/2021 5:00:00 AM,700,2021,12/22/2021 5:00:00 AM,700,2021,Morning,Wednesday,3,Byward Market,24,Central,Ward 12 - Rideau-Vanier,Stéphanie Plante,5050054.00,MAJOR,368374.511000002,5032329.97399946
280,280,1/1/2022 5:00:00 AM,300,2022,1/1/2022 5:00:00 AM,300,2022,Night,Saturday,6,Orléans Chapel Hill South,31,East,Ward 19 - Orléans South-Navan,Catherine Kitts,5050125.11,,381220.595100008,5032655.08299946
281,281,1/2/2022 5:00:00 AM,1400,2022,1/2/2022 5:00:00 AM,900,2022,Morning,Sunday,7,Russell - Edwards,37,East,Ward 20 - Osgoode,George Darouze,5050190.01,MINOR,385848.46070001,5020858.82139946
282,282,1/7/2022 5:00:00 AM,1300,2022,1/7/2022 5:00:00 AM,1300,2022,Afternoon,Friday,5,Hunt Club South Industrial,17,West,Ward 9 - Knoxdale-Merivale,Sean Devine,5050130.01,,367388.339800004,5022365.06419946
283,283,1/15/2022 5:00:00 AM,200,2022,1/15/2022 5:00:00 AM,2200,2022,Evening,Saturday,6,Overbrook - McArthur,25,Central,Ward 13 - Rideau-Rockcliffe,Rawlson King,5050012.00,MAJOR,371129.715900003,5032044.57699946
284,284,2/2/2022 5:00:00 AM,200,2022,2/2/2022 5:00:00 AM,2100,2022,Evening,Wednesday,3,Woodroffe - Lincoln Heights,14,West,Ward 7 - Bay,Theresa Kavanagh,5050031.00,MAJOR,361293.882300001,5026223.88009946
285,285,2/19/2022 5:00:00 AM,200,2022,2/19/2022 5:00:00 AM,200,2022,Night,Saturday,6,Civic Hospital-Central Park,21,Central,Ward 16 - River,Riley Brockington,5050020.01,MAJOR,366425.704900002,5026090.53099946
286,286,2/21/2022 5:00:00 AM,1800,2022,2/21/2022 5:00:00 AM,1800,2022,Evening,Monday,1,Greenboro East,35,East,Ward 10 - Gloucester-Southgate,Jessica Bradley,5050001.05,FATAL,372676.535400005,5025829.62619946
287,287,2/23/2022 5:00:00 AM,200,2022,2/23/2022 5:00:00 AM,2200,2022,Evening,Wednesday,3,Rothwell Heights - Beacon Hill North,32,East,Ward 11 - Beacon Hill-Cyrville,Tim Tierney,5050120.02,,375869.771000005,5034694.83809946
288,288,2/24/2022 5:00:00 AM,1000,2022,2/23/2022 5:00:00 AM,2200,2022,Evening,Wednesday,3,Rothwell Heights - Beacon Hill North,32,East,Ward 11 - Beacon Hill-Cyrville,Tim Tierney,5050120.02,,375617.724100005,5035425.59509946
289,289,3/5/2022 5:00:00 AM,1800,2022,3/5/2022 5:00:00 AM,1800,2022,Evening,Saturday,6,Overbrook - McArthur,25,Central,Ward 13 - Rideau-Rockcliffe,Rawlson King,5050012.00,NONE,371200.957000004,5032202.81999946
290,290,3/22/2022 5:00:00 AM,200,2022,3/22/2022 5:00:00 AM,2100,2022,Evening,Tuesday,2,Carlington,21,Central,Ward 16 - River,Riley Brockington,5050022.00,MAJOR,364789.697000001,5026653.53589946
291,291,4/4/2022 5:00:00 AM,1600,2022,4/4/2022 5:00:00 AM,1600,2022,Afternoon,Monday,1,Ledbury - Heron Gate - Ridgemont - Elmwood,34,East,Ward 18 - Alta Vista,Marty Carr,5050007.02,MINOR,370838.878900005,5026881.08409946
292,292,4/6/2022 5:00:00 AM,900,2022,4/6/2022 5:00:00 AM,,2022,,Wednesday,3,Orléans Avalon - Notting Gate - Fallingbrook - Gardenway South,31,East,Ward 1 - Orléans East-Cumberland,Matthew Luloff,5050170.09,,383342.752100009,5037731.57699946
293,293,4/19/2022 5:00:00 AM,200,2022,4/19/2022 5:00:00 AM,200,2022,Night,Tuesday,2,Vanier North,25,Central,Ward 12 - Rideau-Vanier,Stéphanie Plante,5050103.00,NONE,370778.711000004,5033668.59289946
294,294,4/19/2022 5:00:00 AM,500,2022,4/19/2022 5:00:00 AM,500,2022,Night,Tuesday,2,Vanier South,25,Central,Ward 12 - Rideau-Vanier,Stéphanie Plante,5050101.00,MAJOR,370340.711000004,5032924.58709946
295,295,4/25/2022 5:00:00 AM,200,2022,4/25/2022 5:00:00 AM,2200,2022,Evening,Monday,1,Greenbelt - Mer Bleue,31,East,Ward 10 - Gloucester-Southgate,Jessica Bradley,5050125.03,MAJOR,378311.751000006,5030274.54599946
296,296,5/1/2022 5:00:00 AM,1600,2022,5/1/2022 5:00:00 AM,1600,2022,Afternoon,Sunday,7,Rothwell Heights - Beacon Hill North,32,East,Ward 11 - Beacon Hill-Cyrville,Tim Tierney,5050120.03,,375022.721100005,5035730.59999946
297,297,5/2/2022 5:00:00 AM,200,2022,5/2/2022 5:00:00 AM,2100,2022,Evening,Monday,1,Emerald Woods - Sawmill Creek,35,East,Ward 10 - Gloucester-Southgate,Jessica Bradley,5050123.01,MINOR,372210.735100005,5022640.50299946
298,298,5/3/2022 5:00:00 AM,0,2022,5/3/2022 5:00:00 AM,0,2022,Night,Tuesday,2,Byward Market,24,Central,Ward 12 - Rideau-Vanier,Stéphanie Plante,5050054.00,MINOR,367943.703000002,5032442.58599946
299,299,5/8/2022 5:00:00 AM,1300,2022,5/8/2022 5:00:00 AM,1300,2022,Afternoon,Sunday,7,Elmvale - Eastway - Riverview - Riverview Park West,33,East,Ward 18 - Alta Vista,Marty Carr,5050009.00,,373575.732900005,5028848.54709946
300,300,5/11/2022 5:00:00 AM,200,2022,5/11/2022 5:00:00 AM,2300,2022,Evening,Wednesday,3,Emerald Woods - Sawmill Creek,35,East,Ward 10 - Gloucester-Southgate,Jessica Bradley,5050123.01,,371636.104300002,5023302.60429946
301,301,5/12/2022 5:00:00 AM,1300,2022,5/12/2022 5:00:00 AM,1300,2022,Afternoon,Thursday,4,Glebe - Dows Lake,22,Central,Ward 14 - Somerset,Ariel Troster,5050036.00,MINOR,367530.938200001,5029872.05279946
302,302,5/15/2022 5:00:00 AM,1000,2022,5/15/2022 5:00:00 AM,1000,2022,Morning,Sunday,7,Billings Bridge - Alta Vista,34,East,Ward 18 - Alta Vista,Marty Carr,5050005.00,,369811.575500002,5027687.54909946
303,303,6/7/2022 5:00:00 AM,200,2022,6/7/2022 5:00:00 AM,2000,2022,Evening,Tuesday,2,Hawthorne Meadows - Sheffield Glen,33,East,Ward 18 - Alta Vista,Marty Carr,5050010.00,,373800.548700003,5029100.07909946
304,304,6/8/2022 5:00:00 AM,200,2022,6/8/2022 5:00:00 AM,2100,2022,Evening,Wednesday,3,Riverside South - Leitrim,35,East,Ward 22 - Riverside South-Findlay Creek,Steve Desroches,5050126.07,MAJOR,373933.744900005,5020393.48709946
305,305,6/22/2022 5:00:00 AM,1800,2022,6/22/2022 5:00:00 AM,1800,2022,Evening,Wednesday,3,Beacon Hill South - Cardinal Heights,32,East,Ward 11 - Beacon Hill-Cyrville,Tim Tierney,5050121.01,MAJOR,374167.721900005,5034312.58989946
306,306,6/23/2022 5:00:00 AM,200,2022,6/23/2022 5:00:00 AM,2300,2022,Evening,Thursday,4,Pineview,32,East,Ward 11 - Beacon Hill-Cyrville,Tim Tierney,5050122.02,,375379.735100005,5031470.56299946
307,307,7/5/2022 5:00:00 AM,1200,2022,7/5/2022 5:00:00 AM,1200,2022,Afternoon,Tuesday,2,Ledbury - Heron Gate - Ridgemont - Elmwood,34,East,Ward 16 - River,Riley Brockington,5050001.10,FATAL,370828.031800002,5025379.67699946
308,308,7/6/2022 5:00:00 AM,1300,2022,7/6/2022 5:00:00 AM,1300,2022,Afternoon,Wednesday,3,Britannia Village,14,West,Ward 7 - Bay,Theresa Kavanagh,5050029.00,MAJOR,359555.489000001,5024438.92409946
309,309,7/8/2022 5:00:00 AM,1600,2022,7/8/2022 5:00:00 AM,1600,2022,Afternoon,Friday,5,Manotick East,36,East,Ward 20 - Osgoode,George Darouze,5050191.01,MINOR,374750.738900004,5010524.41209946
310,310,7/16/2022 5:00:00 AM,200,2022,7/15/2022 5:00:00 AM,2300,2022,Evening,Friday,5,Lowertown,24,Central,Ward 12 - Rideau-Vanier,Stéphanie Plante,5050056.00,FATAL,368482.704900003,5032771.58789946
311,311,7/16/2022 5:00:00 AM,1300,2022,7/1/2022 5:00:00 AM,1300,2022,Afternoon,Friday,5,Galetta,11,West,Ward 5 - West Carleton-March,Clarke Kelly,5050301.00,MINOR,323368.5329,5033781.01509946
312,312,7/18/2022 5:00:00 AM,1500,2022,7/18/2022 5:00:00 AM,1500,2022,Afternoon,Monday,1,Billings Bridge - Alta Vista,34,East,Ward 18 - Alta Vista,Marty Carr,5050005.00,MAJOR,369725.718100003,5027527.54189946
313,313,7/21/2022 5:00:00 AM,200,2022,7/21/2022 5:00:00 AM,2200,2022,Evening,Thursday,4,Hunt Club Park,33,East,Ward 10 - Gloucester-Southgate,Jessica Bradley,5050001.08,MAJOR,373775.738100005,5026287.52789946
314,314,7/23/2022 5:00:00 AM,1500,2022,7/19/2022 5:00:00 AM,2300,2022,Evening,Tuesday,2,Iris,15,West,Ward 8 - College,Laine Johnson,5050026.00,,361384.511000001,5023827.50989946
315,315,7/31/2022 5:00:00 AM,200,2022,7/31/2022 5:00:00 AM,2200,2022,Evening,Sunday,7,Vanier North,25,Central,Ward 12 - Rideau-Vanier,Stéphanie Plante,5050060.00,,371333.019200003,5034330.97659946
316,316,8/9/2022 5:00:00 AM,1700,2022,8/9/2022 5:00:00 AM,1700,2022,Afternoon,Tuesday,2,Crestview - Meadowlands,17,West,Ward 8 - College,Laine Johnson,5050133.00,,363829.670000002,5023634.51559946
317,317,8/12/2022 5:00:00 AM,500,2022,8/12/2022 5:00:00 AM,500,2022,Night,Friday,5,Riverside Park,34,East,Ward 16 - River,Riley Brockington,5050003.00,,368905.717000003,5025668.52709946
318,318,8/13/2022 5:00:00 AM,200,2022,8/13/2022 5:00:00 AM,200,2022,Night,Saturday,6,Glen Cairn - Kanata South Business Park,13,West,Ward 23 - Kanata South,Allan Hubley,5050162.02,MAJOR,353059.6181,5017267.45009946
319,319,8/16/2022 5:00:00 AM,1800,2022,8/16/2022 5:00:00 AM,1800,2022,Evening,Tuesday,2,Elmvale - Eastway - Riverview - Riverview Park West,33,East,Ward 18 - Alta Vista,Marty Carr,5050011.01,,373001.729000006,5029506.55289946
320,320,8/26/2022 5:00:00 AM,400,2022,8/26/2022 5:00:00 AM,400,2022,Night,Friday,5,Byward Market,24,Central,Ward 12 - Rideau-Vanier,Stéphanie Plante,5050054.00,MAJOR,367866.786200002,5032275.26129946
321,321,8/27/2022 5:00:00 AM,1700,2022,8/27/2022 5:00:00 AM,1700,2022,Afternoon,Saturday,6,Carlington,21,Central,Ward 16 - River,Riley Brockington,5050022.00,,364382.695900001,5026190.53209946
322,322,8/27/2022 5:00:00 AM,1900,2022,8/27/2022 5:00:00 AM,1900,2022,Evening,Saturday,6,Ledbury - Heron Gate - Ridgemont - Elmwood,34,East,Ward 16 - River,Riley Brockington,5050001.10,NONE,370828.031800002,5025379.67699946
323,323,8/29/2022 5:00:00 AM,1700,2022,8/29/2022 5:00:00 AM,1700,2022,Afternoon,Monday,1,West Centertown,22,Central,Ward 14 - Somerset,Ariel Troster,5050041.00,MAJOR,366498.753600003,5030471.98999946
324,324,9/2/2022 5:00:00 AM,200,2022,9/2/2022 5:00:00 AM,2300,2022,Evening,Friday,5,Elmvale - Eastway - Riverview - Riverview Park West,33,East,Ward 18 - Alta Vista,Marty Carr,5050011.01,MINOR,373001.729000006,5029506.55289946
325,325,9/5/2022 5:00:00 AM,200,2022,9/5/2022 5:00:00 AM,2300,2022,Evening,Monday,1,Hunt Club Upper -Blossom Park - Timbermill,35,East,Ward 10 - Gloucester-Southgate,Jessica Bradley,5050123.03,MINOR,373336.740000005,5023445.50899946
326,326,9/11/2022 5:00:00 AM,1000,2022,9/11/2022 5:00:00 AM,1000,2022,Morning,Sunday,7,Ledbury - Heron Gate - Ridgemont - Elmwood,34,East,Ward 10 - Gloucester-Southgate,Jessica Bradley,5050001.09,,372012.397500004,5026347.47519946
327,327,9/19/2022 5:00:00 AM,1800,2022,9/19/2022 5:00:00 AM,1800,2022,Evening,Monday,1,CFB Rockcliffe-NRC,32,East,Ward 13 - Rideau-Rockcliffe,Rawlson King,5050060.00,,371754.712900002,5034344.59699946
328,328,9/26/2022 5:00:00 AM,200,2022,9/26/2022 5:00:00 AM,2100,2022,Evening,Monday,1,Orléans North West,31,East,Ward 2 - Orléans West-Innes,Laura Dudas,5050124.04,NONE,379238.673200007,5037375.56439946
329,329,10/5/2022 5:00:00 AM,200,2022,10/5/2022 5:00:00 AM,2000,2022,Evening,Wednesday,3,Orléans Queenswood Heights,31,East,Ward 1 - Orléans East-Cumberland,Matthew Luloff,5050170.03,MINOR,383056.750100007,5037933.57999946
330,330,10/10/2022 5:00:00 AM,200,2022,10/10/2022 5:00:00 AM,200,2022,Night,Monday,1,Byward Market,24,Central,Ward 12 - Rideau-Vanier,Stéphanie Plante,5050054.00,MAJOR,367943.703000002,5032442.58599946
331,331,10/11/2022 5:00:00 AM,1500,2022,10/11/2022 5:00:00 AM,1500,2022,Afternoon,Tuesday,2,Lowertown,24,Central,Ward 12 - Rideau-Vanier,Stéphanie Plante,5050056.00,,368447.704100004,5033226.59289946
332,332,10/12/2022 5:00:00 AM,1700,2022,10/12/2022 5:00:00 AM,1700,2022,Afternoon,Wednesday,3,Russell - Edwards,37,East,Ward 20 - Osgoode,George Darouze,5050126.04,NONE,380306.780000008,5020069.48109946
333,333,10/16/2022 5:00:00 AM,100,2022,10/16/2022 5:00:00 AM,100,2022,Night,Sunday,7,Vanier North,25,Central,Ward 12 - Rideau-Vanier,Stéphanie Plante,5050104.00,,369440.528800003,5033804.48319946
334,334,10/22/2022 5:00:00 AM,300,2022,10/22/2022 5:00:00 AM,300,2022,Night,Saturday,6,Byward Market,24,Central,Ward 12 - Rideau-Vanier,Stéphanie Plante,5050054.00,MAJOR,368000.703000002,5032573.58709946
335,335,10/23/2022 5:00:00 AM,600,2022,10/23/2022 5:00:00 AM,600,2022,Morning,Sunday,7,Byward Market,24,Central,Ward 12 - Rideau-Vanier,Stéphanie Plante,5050054.00,,367943.703000002,5032442.58599946
336,336,11/12/2022 5:00:00 AM,1500,2022,11/12/2022 5:00:00 AM,1500,2022,Afternoon,Saturday,6,Merivale Gardens - Grenfell Glen - Pineglen - Country Place,17,West,Ward 9 - Knoxdale-Merivale,Sean Devine,5050130.01,MAJOR,365826.701900002,5020437.48299946
337,337,11/15/2022 5:00:00 AM,100,2022,11/15/2022 5:00:00 AM,100,2022,Night,Tuesday,2,Crestview - Meadowlands,17,West,Ward 8 - College,Laine Johnson,5050133.00,MINOR,364054.726300002,5024046.48429946
338,338,12/6/2022 5:00:00 AM,1600,2022,12/4/2022 5:00:00 AM,,2022,,Sunday,7,Vanier North,25,Central,Ward 12 - Rideau-Vanier,Stéphanie Plante,5050104.00,,369817.050200005,5033416.62889946
339,339,12/9/2022 5:00:00 AM,1700,2022,12/9/2022 5:00:00 AM,1700,2022,Afternoon,Friday,5,Cumberland,37,East,Ward 1 - Orléans East-Cumberland,Matthew Luloff,5050171.06,,385520.990800008,5040943.91959946
340,340,1/7/2023 5:00:00 AM,1900,2023,1/7/2023 5:00:00 AM,1900,2023,Evening,Saturday,6,Carlington,21,Central,Ward 16 - River,Riley Brockington,5050022.00,,364641.697000002,5026261.53209946
341,341,1/13/2023 5:00:00 AM,1600,2023,1/13/2023 5:00:00 AM,1600,2023,Afternoon,Friday,5,Civic Hospital-Central Park,21,Central,Ward 15 - Kitchissippi,Jeff Leiper,5050034.00,MAJOR,365175.7321,5028740.42959946
342,342,1/19/2023 5:00:00 AM,1900,2023,1/19/2023 5:00:00 AM,1900,2023,Evening,Thursday,4,Centretown,23,Central,Ward 14 - Somerset,Ariel Troster,5050038.00,MINOR,367901.186200004,5030941.46799946
343,343,1/29/2023 5:00:00 AM,0,2023,1/29/2023 5:00:00 AM,0,2023,Night,Sunday,7,Emerald Woods - Sawmill Creek,35,East,Ward 10 - Gloucester-Southgate,Jessica Bradley,5050123.01,MINOR,371602.731000002,5023574.50989946
344,344,1/29/2023 5:00:00 AM,200,2023,1/29/2023 5:00:00 AM,200,2023,Night,Sunday,7,Elmvale - Eastway - Riverview - Riverview Park West,33,East,Ward 18 - Alta Vista,Marty Carr,5050011.04,MINOR,371326.435100005,5029883.36039946
345,345,2/14/2023 5:00:00 AM,1800,2023,2/14/2023 5:00:00 AM,1800,2023,Evening,Tuesday,2,Elmvale - Eastway - Riverview - Riverview Park West,33,East,Ward 18 - Alta Vista,Marty Carr,5050011.04,FATAL,371071.720000003,5030273.56189946
346,346,2/18/2023 5:00:00 AM,200,2023,2/18/2023 5:00:00 AM,2000,2023,Evening,Saturday,6,Crestview - Meadowlands,17,West,Ward 8 - College,Laine Johnson,5050133.00,NONE,363933.4273,5024245.56399946
347,347,2/18/2023 5:00:00 AM,200,2023,2/18/2023 5:00:00 AM,2200,2023,Evening,Saturday,6,Lowertown,24,Central,Ward 12 - Rideau-Vanier,Stéphanie Plante,5050056.00,NONE,368516.704100003,5032987.59099946
348,348,2/21/2023 5:00:00 AM,100,2023,2/21/2023 5:00:00 AM,100,2023,Night,Tuesday,2,Lowertown,24,Central,Ward 12 - Rideau-Vanier,Stéphanie Plante,5050056.00,FATAL,368389.704900003,5032597.58709946
349,349,2/27/2023 5:00:00 AM,200,2023,2/27/2023 5:00:00 AM,1900,2023,Evening,Monday,1,Emerald Woods - Sawmill Creek,35,East,Ward 10 - Gloucester-Southgate,Jessica Bradley,5050123.01,NONE,371343.692900004,5023582.96899946
350,350,2/27/2023 5:00:00 AM,200,2023,2/27/2023 5:00:00 AM,2000,2023,Evening,Monday,1,Overbrook - McArthur,25,Central,Ward 13 - Rideau-Rockcliffe,Rawlson King,5050012.00,,371200.957000004,5032202.81999946
351,351,3/4/2023 5:00:00 AM,200,2023,3/4/2023 5:00:00 AM,2100,2023,Evening,Saturday,6,Crestview - Meadowlands,17,West,Ward 8 - College,Laine Johnson,5050134.00,,364829.740000002,5023090.53889946
352,352,3/5/2023 5:00:00 AM,700,2023,3/5/2023 5:00:00 AM,700,2023,Morning,Sunday,7,Orléans Village - Chateauneuf,31,East,Ward 2 - Orléans West-Innes,Laura Dudas,5050125.08,MINOR,382637.755900009,5035567.56409946
353,353,3/17/2023 5:00:00 AM,900,2023,3/17/2023 5:00:00 AM,900,2023,Morning,Friday,5,Greenbelt - Stony Swamp,15,West,Ward 8 - College,Laine Johnson,5050141.14,,357905.0663,5018504.36119946
354,354,4/3/2023 5:00:00 AM,300,2023,4/3/2023 5:00:00 AM,300,2023,Night,Monday,1,Greenboro East,35,East,Ward 10 - Gloucester-Southgate,Jessica Bradley,5050001.05,MAJOR,371951.731000003,5025153.52189946
355,355,4/12/2023 5:00:00 AM,1900,2023,4/12/2023 5:00:00 AM,1900,2023,Evening,Wednesday,3,Riverside South - Leitrim,35,East,Ward 22 - Riverside South-Findlay Creek,Steve Desroches,5050126.07,NONE,374010.024900005,5019208.54299946
356,356,4/16/2023 5:00:00 AM,1800,2023,4/15/2023 5:00:00 AM,1400,2023,Afternoon,Saturday,6,Rothwell Heights - Beacon Hill North,32,East,Ward 11 - Beacon Hill-Cyrville,Tim Tierney,5050121.01,,375654.727100006,5034556.58709946
357,357,4/22/2023 5:00:00 AM,400,2023,4/22/2023 5:00:00 AM,400,2023,Night,Saturday,6,Byward Market,24,Central,Ward 12 - Rideau-Vanier,Stéphanie Plante,5050054.00,MINOR,368042.704100002,5032503.58709946
358,358,4/24/2023 5:00:00 AM,1500,2023,4/24/2023 5:00:00 AM,1500,2023,Afternoon,Monday,1,West Centertown,22,Central,Ward 14 - Somerset,Ariel Troster,5050041.00,NONE,366981.155100002,5030237.84109946
359,359,4/24/2023 5:00:00 AM,1900,2023,4/24/2023 5:00:00 AM,1900,2023,Evening,Monday,1,Orléans Avalon - Notting Gate - Fallingbrook - Gardenway South,31,East,Ward 19 - Orléans South-Navan,Catherine Kitts,5050171.07,MINOR,385921.027100011,5036745.67399946
360,360,5/8/2023 5:00:00 AM,200,2023,5/8/2023 5:00:00 AM,2200,2023,Evening,Monday,1,Hunt Club East - Western Community,35,East,Ward 16 - River,Riley Brockington,5050002.05,,369724.965200004,5023366.15739946
361,361,5/24/2023 5:00:00 AM,1700,2023,5/24/2023 5:00:00 AM,1700,2023,Afternoon,Wednesday,3,Hawthorne Meadows - Sheffield Glen,33,East,Ward 18 - Alta Vista,Marty Carr,5050010.00,,374155.735900006,5028299.54189946
362,362,5/25/2023 5:00:00 AM,200,2023,5/25/2023 5:00:00 AM,2300,2023,Evening,Thursday,4,Byward Market,24,Central,Ward 12 - Rideau-Vanier,Stéphanie Plante,5050054.00,,367866.786200002,5032275.26129946
363,363,5/25/2023 5:00:00 AM,200,2023,5/25/2023 5:00:00 AM,2300,2023,Evening,Thursday,4,Greenboro East,35,East,Ward 10 - Gloucester-Southgate,Jessica Bradley,5050001.06,,372263.732900005,5024785.51889946
364,364,6/2/2023 5:00:00 AM,500,2023,6/2/2023 5:00:00 AM,500,2023,Night,Friday,5,Carlington,21,Central,Ward 16 - River,Riley Brockington,5050022.00,,364462.493100002,5026097.12009946
365,365,6/3/2023 5:00:00 AM,100,2023,6/3/2023 5:00:00 AM,100,2023,Night,Saturday,6,Cityview - Skyline - Fisher Heights,17,West,Ward 9 - Knoxdale-Merivale,Sean Devine,5050132.00,,364728.698100002,5024304.51589946
366,366,6/4/2023 5:00:00 AM,200,2023,6/4/2023 5:00:00 AM,2100,2023,Evening,Sunday,7,Vanier North,25,Central,Ward 12 - Rideau-Vanier,Stéphanie Plante,5050103.00,,369770.707100004,5033817.59589946
367,367,6/8/2023 5:00:00 AM,1800,2023,6/8/2023 5:00:00 AM,1800,2023,Evening,Thursday,4,Centretown,23,Central,Ward 14 - Somerset,Ariel Troster,5050040.00,,367367.162900001,5030718.82269946
368,368,6/10/2023 5:00:00 AM,0,2023,6/10/2023 5:00:00 AM,0,2023,Night,Saturday,6,Centretown,23,Central,Ward 14 - Somerset,Ariel Troster,5050038.00,,367502.766000003,5031002.92189946
369,369,6/10/2023 5:00:00 AM,600,2023,6/10/2023 5:00:00 AM,100,2023,Night,Saturday,6,Merivale Gardens - Grenfell Glen - Pineglen - Country Place,17,West,Ward 9 - Knoxdale-Merivale,Sean Devine,5050130.01,,366424.735500004,5020783.58029946
370,370,6/10/2023 5:00:00 AM,300,2023,6/10/2023 5:00:00 AM,100,2023,Night,Saturday,6,Byward Market,24,Central,Ward 12 - Rideau-Vanier,Stéphanie Plante,5050054.00,MAJOR,367943.703000002,5032442.58599946
371,371,6/13/2023 5:00:00 AM,300,2023,6/13/2023 5:00:00 AM,300,2023,Night,Tuesday,2,Civic Hospital-Central Park,21,Central,Ward 15 - Kitchissippi,Jeff Leiper,5050034.00,MAJOR,365657.700000002,5028517.55209946
372,372,6/17/2023 5:00:00 AM,900,2023,6/17/2023 5:00:00 AM,900,2023,Morning,Saturday,6,Overbrook - McArthur,25,Central,Ward 13 - Rideau-Rockcliffe,Rawlson King,5050013.00,MAJOR,370423.712100003,5032510.58299946
373,373,6/19/2023 5:00:00 AM,200,2023,6/19/2023 5:00:00 AM,2000,2023,Evening,Monday,1,Whitehaven - Queensway Terrace North,14,West,Ward 7 - Bay,Theresa Kavanagh,5050029.00,MAJOR,359558.671000002,5024103.51209946
374,374,6/22/2023 5:00:00 AM,200,2023,6/22/2023 5:00:00 AM,2000,2023,Evening,Thursday,4,Vanier North,25,Central,Ward 12 - Rideau-Vanier,Stéphanie Plante,5050060.00,,371333.019200003,5034330.97659946
375,375,6/28/2023 5:00:00 AM,1000,2023,6/28/2023 5:00:00 AM,1000,2023,Morning,Wednesday,3,Carlington,21,Central,Ward 16 - River,Riley Brockington,5050022.00,FATAL,364049.694000003,5026375.53289946
376,376,6/29/2023 5:00:00 AM,200,2023,6/29/2023 5:00:00 AM,2100,2023,Evening,Thursday,4,Civic Hospital-Central Park,21,Central,Ward 16 - River,Riley Brockington,5050023.02,FATAL,364417.820000001,5025858.52709946
377,377,7/2/2023 5:00:00 AM,200,2023,7/2/2023 5:00:00 AM,200,2023,Night,Sunday,7,Elmvale - Eastway - Riverview - Riverview Park West,33,East,Ward 18 - Alta Vista,Marty Carr,5050011.01,,373001.729000006,5029506.55289946
378,378,7/2/2023 5:00:00 AM,200,2023,7/1/2023 5:00:00 AM,2100,2023,Evening,Saturday,6,Overbrook - McArthur,25,Central,Ward 13 - Rideau-Rockcliffe,Rawlson King,5050012.00,NONE,371512.717000004,5032232.57809946
379,379,7/5/2023 5:00:00 AM,0,2023,7/5/2023 5:00:00 AM,0,2023,Night,Wednesday,3,Cummings,32,East,Ward 11 - Beacon Hill-Cyrville,Tim Tierney,5050012.00,MAJOR,372217.870800002,5032177.97189946
380,380,7/5/2023 5:00:00 AM,1100,2023,7/2/2023 5:00:00 AM,200,2023,Night,Sunday,7,East Industrial,33,East,Ward 18 - Alta Vista,Marty Carr,5050011.01,,372348.625900005,5030664.68169946
381,381,7/13/2023 5:00:00 AM,1900,2023,7/13/2023 5:00:00 AM,1900,2023,Evening,Thursday,4,Centretown,23,Central,Ward 14 - Somerset,Ariel Troster,5050038.00,MINOR,367563.534200003,5031134.06259946
382,382,7/17/2023 5:00:00 AM,1600,2023,7/17/2023 5:00:00 AM,1600,2023,Afternoon,Monday,1,Lowertown,24,Central,Ward 12 - Rideau-Vanier,Stéphanie Plante,5050056.00,MAJOR,368436.704100002,5032843.58899946
383,383,7/17/2023 5:00:00 AM,1500,2023,7/17/2023 5:00:00 AM,1500,2023,Afternoon,Monday,1,Lowertown,24,Central,Ward 12 - Rideau-Vanier,Stéphanie Plante,5050056.00,,368357.593600002,5033014.81969946
384,384,7/24/2023 5:00:00 AM,1400,2023,7/24/2023 5:00:00 AM,1400,2023,Afternoon,Monday,1,Metcalfe,36,East,Ward 20 - Osgoode,George Darouze,5050190.02,,380791.367900006,5011926.31699946
385,385,7/29/2023 5:00:00 AM,200,2023,7/29/2023 5:00:00 AM,200,2023,Night,Saturday,6,East Industrial,33,East,Ward 10 - Gloucester-Southgate,Jessica Bradley,5050001.08,NONE,374601.740000005,5027551.53589946
386,386,8/4/2023 5:00:00 AM,200,2023,8/4/2023 5:00:00 AM,2100,2023,Evening,Friday,5,Hunt Club Upper -Blossom Park - Timbermill,35,East,Ward 10 - Gloucester-Southgate,Jessica Bradley,5050123.04,NONE,372195.573100005,5024135.32799946
387,387,8/6/2023 5:00:00 AM,0,2023,8/6/2023 5:00:00 AM,0,2023,Night,Sunday,7,Carson Grove - Carson Meadows,32,East,Ward 13 - Rideau-Rockcliffe,Rawlson King,5050062.01,MINOR,372952.718100005,5033972.58989946
388,388,8/17/2023 5:00:00 AM,200,2023,8/17/2023 5:00:00 AM,2300,2023,Evening,Thursday,4,Hunt Club East - Western Community,35,East,Ward 10 - Gloucester-Southgate,Jessica Bradley,5050127.00,,370357.253700004,5022836.09009946
389,389,8/19/2023 5:00:00 AM,300,2023,8/19/2023 5:00:00 AM,300,2023,Night,Saturday,6,Russell - Edwards,37,East,Ward 20 - Osgoode,George Darouze,5050126.04,NONE,383016.791000009,5023978.49699946
390,390,9/2/2023 5:00:00 AM,200,2023,9/2/2023 5:00:00 AM,2200,2023,Evening,Saturday,6,Hunt Club - Ottawa Airport,35,East,Ward 10 - Gloucester-Southgate,Jessica Bradley,5050127.00,MAJOR,370029.761900004,5022883.40899946
391,391,9/9/2023 5:00:00 AM,1600,2023,9/9/2023 5:00:00 AM,1600,2023,Afternoon,Saturday,6,Britannia Village,14,West,Ward 7 - Bay,Theresa Kavanagh,5050030.00,NONE,360502.570100002,5025460.40789946
392,392,9/17/2023 5:00:00 AM,200,2023,9/17/2023 5:00:00 AM,2200,2023,Evening,Sunday,7,Riverside South - Leitrim,35,East,Ward 22 - Riverside South-Findlay Creek,Steve Desroches,5050126.08,,375217.957000006,5019917.58599946
393,393,9/17/2023 5:00:00 AM,100,2023,9/17/2023 5:00:00 AM,100,2023,Night,Sunday,7,Britannia Village,14,West,Ward 7 - Bay,Theresa Kavanagh,5050030.00,MAJOR,360135.577000001,5025337.64899946
394,394,9/18/2023 5:00:00 AM,1800,2023,9/18/2023 5:00:00 AM,900,2023,Morning,Monday,1,Whitehaven - Queensway Terrace North,14,West,Ward 7 - Bay,Theresa Kavanagh,5050028.00,,360123.895100002,5023334.48709946
395,395,9/18/2023 5:00:00 AM,0,2023,9/18/2023 5:00:00 AM,0,2023,Night,Monday,1,Whitehaven - Queensway Terrace North,14,West,Ward 7 - Bay,Theresa Kavanagh,5050028.00,,360123.895100002,5023334.48709946
396,396,9/18/2023 5:00:00 AM,900,2023,9/18/2023 5:00:00 AM,900,2023,Morning,Monday,1,Whitehaven - Queensway Terrace North,14,West,Ward 7 - Bay,Theresa Kavanagh,5050028.00,NONE,360218.930999999,5023567.32109946
397,397,9/22/2023 5:00:00 AM,200,2023,9/22/2023 5:00:00 AM,2200,2023,Evening,Friday,5,Hunt Club Upper -Blossom Park - Timbermill,35,East,Ward 10 - Gloucester-Southgate,Jessica Bradley,5050123.04,MAJOR,372195.573100005,5024135.32799946
398,398,9/23/2023 5:00:00 AM,200,2023,9/23/2023 5:00:00 AM,2300,2023,Evening,Saturday,6,Overbrook - McArthur,25,Central,Ward 13 - Rideau-Rockcliffe,Rawlson King,5050013.00,,370737.715100003,5031787.57589946
399,399,9/26/2023 5:00:00 AM,,2023,9/26/2023 5:00:00 AM,,2023,,Tuesday,2,Vanier North,25,Central,Ward 12 - Rideau-Vanier,Stéphanie Plante,5050104.00,MINOR,369581.707100004,5033622.59509946
400,400,9/30/2023 5:00:00 AM,200,2023,9/30/2023 5:00:00 AM,200,2023,Night,Saturday,6,East Industrial,33,East,Ward 18 - Alta Vista,Marty Carr,5050011.01,,372348.625900005,5030664.68169946
401,401,10/7/2023 5:00:00 AM,1900,2023,10/7/2023 5:00:00 AM,1900,2023,Evening,Saturday,6,Overbrook - McArthur,25,Central,Ward 13 - Rideau-Rockcliffe,Rawlson King,5050012.00,,371179.715900005,5032368.57999946
402,402,10/8/2023 5:00:00 AM,200,2023,10/8/2023 5:00:00 AM,2300,2023,Evening,Sunday,7,Hunt Club Park,33,East,Ward 10 - Gloucester-Southgate,Jessica Bradley,5050001.07,MINOR,373876.738900005,5026254.52789946
403,403,10/11/2023 5:00:00 AM,200,2023,10/11/2023 5:00:00 AM,2100,2023,Evening,Wednesday,3,Orléans Avalon - Notting Gate - Fallingbrook - Gardenway South,31,East,Ward 1 - Orléans East-Cumberland,Matthew Luloff,5050170.08,FATAL,383736.182600009,5036677.45529946
404,404,10/18/2023 5:00:00 AM,1200,2023,10/18/2023 5:00:00 AM,1200,2023,Afternoon,Wednesday,3,Byward Market,24,Central,Ward 12 - Rideau-Vanier,Stéphanie Plante,5050054.00,MAJOR,368262.704100003,5032521.58599946
405,405,11/1/2023 5:00:00 AM,800,2023,11/1/2023 5:00:00 AM,700,2023,Morning,Wednesday,3,Whitehaven - Queensway Terrace North,14,West,Ward 7 - Bay,Theresa Kavanagh,5050028.00,MINOR,360123.895100002,5023334.48709946
406,406,11/3/2023 5:00:00 AM,200,2023,11/3/2023 5:00:00 AM,2000,2023,Evening,Friday,5,Iris,15,West,Ward 8 - College,Laine Johnson,5050026.00,NONE,361105.678900001,5023548.50709946
407,407,11/6/2023 5:00:00 AM,1400,2023,11/6/2023 5:00:00 AM,1400,2023,Afternoon,Monday,1,Centretown,23,Central,Ward 14 - Somerset,Ariel Troster,5050038.00,MAJOR,367742.664500003,5030844.06059946
408,408,11/22/2023 5:00:00 AM,500,2023,11/22/2023 5:00:00 AM,500,2023,Night,Wednesday,3,Vanier North,25,Central,Ward 12 - Rideau-Vanier,Stéphanie Plante,5050102.00,,370297.710100004,5033474.59209946
409,409,11/23/2023 5:00:00 AM,600,2023,11/23/2023 5:00:00 AM,600,2023,Morning,Thursday,4,Centrepointe,15,West,Ward 8 - College,Laine Johnson,5050137.05,FATAL,361962.079700002,5023163.69949946
410,410,12/6/2023 5:00:00 AM,1400,2023,12/6/2023 5:00:00 AM,1400,2023,Afternoon,Wednesday,3,Beacon Hill South - Cardinal Heights,32,East,Ward 11 - Beacon Hill-Cyrville,Tim Tierney,5050121.01,,375672.727900005,5034351.58489946
411,411,12/11/2023 5:00:00 AM,700,2023,12/11/2023 5:00:00 AM,700,2023,Morning,Monday,1,CFB Rockcliffe-NRC,32,East,Ward 13 - Rideau-Rockcliffe,Rawlson King,5050061.00,MINOR,371594.359800004,5033694.14259946
412,412,12/17/2023 5:00:00 AM,1400,2023,12/17/2023 5:00:00 AM,1400,2023,Afternoon,Sunday,7,Whitehaven - Queensway Terrace North,14,West,Ward 7 - Bay,Theresa Kavanagh,5050029.00,MAJOR,359558.671000002,5024103.51209946
413,413,12/21/2023 5:00:00 AM,1400,2023,12/21/2023 5:00:00 AM,1400,2023,Afternoon,Thursday,4,Hunt Club South Industrial,17,West,Ward 9 - Knoxdale-Merivale,Sean Devine,5050130.01,MINOR,366150.704100002,5021836.49509946
414,414,1/8/2024 5:00:00 AM,1400,2024,1/8/2024 5:00:00 AM,1400,2024,Afternoon,Monday,1,West Centertown,22,Central,Ward 14 - Somerset,Ariel Troster,5050035.00,MINOR,366685.581700004,5029267.47379946
415,415,1/11/2024 5:00:00 AM,900,2024,1/11/2024 5:00:00 AM,900,2024,Morning,Thursday,4,Overbrook - McArthur,25,Central,Ward 13 - Rideau-Rockcliffe,Rawlson King,5050012.00,,372120.720000002,5032152.57589946
416,416,1/15/2024 5:00:00 AM,300,2024,1/15/2024 5:00:00 AM,300,2024,Night,Monday,1,Blackburn Hamlet,31,East,Ward 2 - Orléans West-Innes,Laura Dudas,5050125.02,,377925.743000006,5032584.56299946
417,417,1/16/2024 5:00:00 AM,1100,2024,1/13/2024 5:00:00 AM,100,2024,Night,Saturday,6,Russell - Edwards,37,East,Ward 20 - Osgoode,George Darouze,5050126.04,,376954.761100006,5017844.46899946
418,418,1/29/2024 5:00:00 AM,1300,2024,1/29/2024 5:00:00 AM,1300,2024,Afternoon,Monday,1,West Centertown,22,Central,Ward 15 - Kitchissippi,Jeff Leiper,5050035.00,FATAL,366557.703000002,5028965.55589946
419,419,2/5/2024 5:00:00 AM,400,2024,2/5/2024 5:00:00 AM,400,2024,Night,Monday,1,North Gower,12,West,Ward 21 - Rideau-Jock,David Brown,5050200.02,,367763.691000001,5007452.36899946
420,420,2/11/2024 5:00:00 AM,1900,2024,2/11/2024 5:00:00 AM,1900,2024,Evening,Sunday,7,Braemar Park - Bel Air Heights - Copeland Park,17,West,Ward 8 - College,Laine Johnson,5050024.00,,362510.686000002,5024136.51289946
421,421,2/17/2024 5:00:00 AM,200,2024,2/17/2024 5:00:00 AM,2000,2024,Evening,Saturday,6,Orléans Central,31,East,Ward 2 - Orléans West-Innes,Laura Dudas,5050124.01,MAJOR,380705.741100006,5037028.58599946
422,422,2/19/2024 5:00:00 AM,300,2024,2/19/2024 5:00:00 AM,300,2024,Night,Monday,1,Byward Market,24,Central,Ward 12 - Rideau-Vanier,Stéphanie Plante,5050054.00,MINOR,368283.347500003,5032272.72189946
423,423,2/26/2024 5:00:00 AM,200,2024,2/26/2024 5:00:00 AM,2100,2024,Evening,Monday,1,Cummings,32,East,Ward 11 - Beacon Hill-Cyrville,Tim Tierney,5050122.03,MAJOR,373082.208000004,5031885.68379946
424,424,2/28/2024 5:00:00 AM,200,2024,2/28/2024 5:00:00 AM,2300,2024,Evening,Wednesday,3,Carp,11,West,Ward 5 - West Carleton-March,Clarke Kelly,5050300.01,,342164.547100002,5021732.50489946
425,425,3/9/2024 5:00:00 AM,600,2024,3/9/2024 5:00:00 AM,600,2024,Morning,Saturday,6,Iris,15,West,Ward 8 - College,Laine Johnson,5050027.00,NONE,360750.675900002,5022780.49999946
426,426,3/18/2024 5:00:00 AM,1800,2024,3/18/2024 5:00:00 AM,1800,2024,Evening,Monday,1,Kanata Lakes - Marchwood Lakeside - Morgan's Grant - Kanata North Business Park,13,West,Ward 4 - Kanata North,Cathy Curry,5050160.15,NONE,349396.055700001,5018593.65409946
427,427,3/21/2024 5:00:00 AM,1000,2024,3/18/2024 5:00:00 AM,1800,2024,Evening,Monday,1,Kanata Lakes - Marchwood Lakeside - Morgan's Grant - Kanata North Business Park,13,West,Ward 4 - Kanata North,Cathy Curry,5050160.15,NONE,349396.055700001,5018593.65409946
428,428,3/24/2024 5:00:00 AM,200,2024,3/24/2024 5:00:00 AM,2300,2024,Evening,Sunday,7,Britannia Village,14,West,Ward 7 - Bay,Theresa Kavanagh,5050029.00,,359555.489000001,5024438.92409946
429,429,3/27/2024 5:00:00 AM,1400,2024,3/27/2024 5:00:00 AM,1400,2024,Afternoon,Wednesday,3,Crestview - Meadowlands,17,West,Ward 8 - College,Laine Johnson,5050133.00,MAJOR,363379.691,5023311.50599946
430,430,4/1/2024 5:00:00 AM,700,2024,4/1/2024 5:00:00 AM,0,2024,Night,Monday,1,Laurentian,14,West,Ward 15 - Kitchissippi,Jeff Leiper,5050033.01,NONE,363450.691000002,5026993.53889946
431,431,4/7/2024 5:00:00 AM,1600,2024,3/24/2024 5:00:00 AM,1600,2024,Afternoon,Sunday,7,Island Park,21,Central,Ward 15 - Kitchissippi,Jeff Leiper,5050044.00,,364674.284200002,5028706.45579946
432,432,5/19/2024 5:00:00 AM,400,2024,5/19/2024 5:00:00 AM,400,2024,Night,Sunday,7,Hawthorne Meadows - Sheffield Glen,33,East,Ward 18 - Alta Vista,Marty Carr,5050010.00,,374409.737000004,5028440.54189946
433,433,5/23/2024 5:00:00 AM,200,2024,5/23/2024 5:00:00 AM,2100,2024,Evening,Thursday,4,Cummings,32,East,Ward 11 - Beacon Hill-Cyrville,Tim Tierney,5050122.01,MAJOR,372600.721900005,5032154.57509946
434,434,5/31/2024 5:00:00 AM,200,2024,5/31/2024 5:00:00 AM,0,2024,Night,Friday,5,Overbrook - McArthur,25,Central,Ward 13 - Rideau-Rockcliffe,Rawlson King,5050012.00,MAJOR,371465.015900004,5032654.67809946
435,435,6/12/2024 5:00:00 AM,1600,2024,6/12/2024 5:00:00 AM,1600,2024,Afternoon,Wednesday,3,Lowertown,24,Central,Ward 12 - Rideau-Vanier,Stéphanie Plante,5050056.00,MAJOR,368559.704900004,5032916.58989946
436,436,6/15/2024 5:00:00 AM,300,2024,6/15/2024 5:00:00 AM,300,2024,Night,Saturday,6,Byward Market,24,Central,Ward 12 - Rideau-Vanier,Stéphanie Plante,5050054.00,MAJOR,368207.454000003,5032227.18189946
437,437,6/17/2024 5:00:00 AM,200,2024,6/17/2024 5:00:00 AM,2000,2024,Evening,Monday,1,Britannia Village,14,West,Ward 7 - Bay,Theresa Kavanagh,5050029.00,,359525.672100003,5024720.51699946
438,438,6/22/2024 5:00:00 AM,200,2024,6/22/2024 5:00:00 AM,200,2024,Night,Saturday,6,Byward Market,24,Central,Ward 12 - Rideau-Vanier,Stéphanie Plante,5050054.00,MAJOR,368315.929900001,5032191.98409946
439,439,6/28/2024 5:00:00 AM,200,2024,6/28/2024 5:00:00 AM,2100,2024,Evening,Friday,5,Rockcliffe - Manor Park,25,Central,Ward 13 - Rideau-Rockcliffe,Rawlson King,5050059.00,,370995.707900004,5034919.60409946
440,440,7/2/2024 5:00:00 AM,0,2024,7/2/2024 5:00:00 AM,0,2024,Night,Tuesday,2,Byward Market,24,Central,Ward 12 - Rideau-Vanier,Stéphanie Plante,5050054.00,MAJOR,367943.703000002,5032442.58599946
441,441,7/18/2024 5:00:00 AM,200,2024,7/18/2024 5:00:00 AM,2000,2024,Evening,Thursday,4,Byward Market,24,Central,Ward 12 - Rideau-Vanier,Stéphanie Plante,5050054.00,NONE,367943.703000002,5032442.58599946
442,442,7/26/2024 5:00:00 AM,200,2024,7/26/2024 5:00:00 AM,2100,2024,Evening,Friday,5,Riverside Park,34,East,Ward 16 - River,Riley Brockington,5050003.00,NONE,367554.718100003,5026515.83889946
443,443,8/4/2024 5:00:00 AM,1700,2024,8/4/2024 5:00:00 AM,1700,2024,Afternoon,Sunday,7,Braemar Park - Bel Air Heights - Copeland Park,17,West,Ward 8 - College,Laine Johnson,5050024.00,,362967.701900002,5024292.76189946
444,444,8/7/2024 5:00:00 AM,200,2024,8/7/2024 5:00:00 AM,2200,2024,Evening,Wednesday,3,Hunt Club Park,33,East,Ward 10 - Gloucester-Southgate,Jessica Bradley,5050001.08,NONE,373682.738100002,5026044.52709946
445,445,8/10/2024 5:00:00 AM,200,2024,8/10/2024 5:00:00 AM,200,2024,Night,Saturday,6,Glebe - Dows Lake,22,Central,Ward 17 - Capital,Shawn Menard,5050018.00,,368683.437600002,5029244.60129946
446,446,9/10/2024 5:00:00 AM,200,2024,9/10/2024 5:00:00 AM,2000,2024,Evening,Tuesday,2,Hawthorne Meadows - Sheffield Glen,33,East,Ward 18 - Alta Vista,Marty Carr,5050010.00,MINOR,374409.737000004,5028440.54189946
447,447,9/20/2024 5:00:00 AM,1400,2024,9/20/2024 5:00:00 AM,1400,2024,Afternoon,Friday,5,Byward Market,24,Central,Ward 12 - Rideau-Vanier,Stéphanie Plante,5050054.00,,368207.454000003,5032227.18189946
448,448,9/22/2024 5:00:00 AM,200,2024,9/22/2024 5:00:00 AM,2200,2024,Evening,Sunday,7,Vanier North,25,Central,Ward 12 - Rideau-Vanier,Stéphanie Plante,5050103.00,MAJOR,370247.021300005,5033759.13749946
449,449,9/25/2024 5:00:00 AM,0,2024,9/25/2024 5:00:00 AM,0,2024,Night,Wednesday,3,Carlington,21,Central,Ward 16 - River,Riley Brockington,5050021.00,,365252.700000003,5026585.53509946
450,450,10/12/2024 5:00:00 AM,400,2024,10/12/2024 5:00:00 AM,400,2024,Night,Saturday,6,Tanglewood,17,West,Ward 9 - Knoxdale-Merivale,Sean Devine,5050130.02,,363967.692900002,5022098.49589946
451,451,11/9/2024 5:00:00 AM,1700,2024,11/9/2024 5:00:00 AM,300,2024,Night,Saturday,6,Britannia Village,14,West,Ward 7 - Bay,Theresa Kavanagh,5050029.00,NONE,359555.489000001,5024438.92409946
452,452,11/18/2024 5:00:00 AM,1800,2024,11/18/2024 5:00:00 AM,1800,2024,Evening,Monday,1,East Industrial,33,East,Ward 18 - Alta Vista,Marty Carr,5050011.01,,372091.207200004,5030430.88559946
453,453,11/23/2024 5:00:00 AM,800,2024,11/22/2024 5:00:00 AM,2100,2024,Evening,Friday,5,Woodroffe - Lincoln Heights,14,West,Ward 7 - Bay,Theresa Kavanagh,5050031.00,,361030.8356,5025991.14979946
454,454,12/4/2024 5:00:00 AM,0,2024,12/4/2024 5:00:00 AM,0,2024,Night,Wednesday,3,Riverside Park,34,East,Ward 16 - River,Riley Brockington,5050003.00,MAJOR,368422.237700003,5025838.90839946
455,455,12/31/2024 5:00:00 AM,800,2024,12/31/2024 5:00:00 AM,800,2024,Morning,Tuesday,2,Glebe - Dows Lake,22,Central,Ward 17 - Capital,Shawn Menard,5050036.00,NONE,367710.707100003,5029570.55999946
456,456,12/31/2024 5:00:00 AM,1400,2024,12/31/2024 5:00:00 AM,1400,2024,Afternoon,Tuesday,2,Lowertown,24,Central,Ward 12 - Rideau-Vanier,Stéphanie Plante,5050056.00,,368609.060100003,5033043.21879946
